keys,zh_CN,ja,ko,en
"专注","专注","集中","집중","Focus"
"无法预览","无法预览","プレビューできません","미리보기 불가","Unable to preview"
"当前棋谱没有可预览的笔记。","当前棋谱没有可预览的笔记。","現在の棋譜にはプレビューできるノートがありません。","현재 기보에는 미리 볼 노트가 없습니다.","The current game record has no notes to preview."
"设置","设置","設定","설정","Settings"
"界面语言","界面语言","表示言語","인터페이스 언어","Interface language"
"屏幕左右边距（移动端用）","屏幕左右边距（移动端用）","画面左右余白（モバイル用）","화면 좌우 여백(모바일용)","Screen side margins (mobile)"
"棋盘横向宽度占比","棋盘横向宽度占比","碁盤の横幅比率","바둑판 가로 너비 비율","Board width percentage"
"大尺寸界面（移动端用）","大尺寸界面（移动端用）","大きな UI（モバイル用）","큰 UI(모바일용)","Large UI (mobile)"
"大尺寸界面倍率必须在 0.7 到 2.0 之间。","大尺寸界面倍率必须在 0.7 到 2.0 之间。","大きな UI の倍率は 0.7～2.0 の範囲で指定してください。","큰 UI 배율은 0.7~2.0 사이여야 합니다.","The large UI multiplier must be between 0.7 and 2.0."
"Gotepad 版本","Gotepad 版本","Gotepad バージョン","Gotepad 버전","Gotepad version"
"Gotepad 版本 %s","Gotepad 版本 %s","Gotepad バージョン %s","Gotepad 버전 %s","Gotepad version %s"
"棋盘纹理","棋盘纹理","碁盤のテクスチャ","바둑판 텍스처","Board texture"
"棋子纹理","棋子纹理","碁石のテクスチャ","바둑돌 텍스처","Stone texture"
"浅色木纹","浅色木纹","明るい木目","밝은 나뭇결","Light wood"
"深色木纹","深色木纹","濃い木目","어두운 나뭇결","Dark wood"
"亮面棋子","亮面棋子","光沢のある碁石","유광 바둑돌","Glossy stones"
"哑光棋子","哑光棋子","つや消し碁石","무광 바둑돌","Matte stones"
"显示手数","显示手数","手数表示","수순 표시","Move numbers"
"绝对手数","绝对手数","絶対手数","절대 수순","Absolute numbering"
"勾选后使用当前分支中的绝对落子手数","勾选后使用当前分支中的绝对落子手数","現在の分岐内の絶対手数を使用します","현재 분기의 절대 수순을 사용합니다","Use absolute move numbers within the current branch"
"1手","1手","1手","1수","1 move"
"10手","10手","10手","10수","10 moves"
"所有","所有","すべて","모두","All"
"指定手数","指定手数","手数を指定","수순 지정","Custom count"
"播放间隔","播放间隔","再生間隔","재생 간격","Playback interval"
"落子音效","落子音效","着手音","착수 소리","Stone sound"
"设置实际落子时的音效音量","设置实际落子时的音效音量","実際に着手したときの音量を設定します","실제 착수 시의 소리 크기를 설정합니다","Set the volume used when placing a stone"
"PPTX 棋盘图片","PPTX 棋盘图片","PPTX 碁盤画像","PPTX 바둑판 이미지","PPTX board image"
"SVG (矢量)","SVG (矢量)","SVG (ベクター)","SVG (벡터)","SVG (vector)"
"PNG (兼容)","PNG (兼容)","PNG (互換性重視)","PNG (호환)","PNG (compatible)"
"SVG 保持矢量清晰度；PNG 兼容更多版本的演示软件","SVG 保持矢量清晰度；PNG 兼容更多版本的演示软件","SVG はベクター品質を維持し、PNG はより多くのプレゼンテーションソフトと互換性があります","SVG는 벡터 선명도를 유지하며 PNG는 더 많은 프레젠테이션 프로그램과 호환됩니다","SVG preserves vector quality; PNG is compatible with more presentation software"
"导出棋盘坐标（左侧和上侧）","导出棋盘坐标（左侧和上侧）","碁盤座標を出力（左・上）","바둑판 좌표 내보내기(왼쪽·위)","Export board coordinates (left and top)"
"在导出棋盘的左侧绘制行号、上侧绘制列字母","在导出棋盘的左侧绘制行号、上侧绘制列字母","出力する碁盤の左に行番号、上に列記号を描画します","내보낸 바둑판의 왼쪽에 행 번호, 위쪽에 열 문자를 표시합니다","Draw row numbers on the left and column letters above the exported board"
"KataGo 本地分析","KataGo 本地分析","KataGo ローカル解析","KataGo 로컬 분석","Local KataGo analysis"
"KataGo 可执行文件","KataGo 可执行文件","KataGo 実行ファイル","KataGo 실행 파일","KataGo executable"
"神经网络模型","神经网络模型","ニューラルネットワークモデル","신경망 모델","Neural network model"
"KataGo 分析配置文件","KataGo 分析配置文件","KataGo 解析設定ファイル","KataGo 분석 설정 파일","KataGo analysis configuration"
"请选择 katago.exe","请选择 katago.exe","katago の実行ファイルを選択してください","katago 실행 파일을 선택하세요","Select the KataGo executable"
"请选择 .bin.gz 模型","请选择 .bin.gz 模型",".bin.gz モデルを選択してください",".bin.gz 모델을 선택하세요","Select a .bin.gz model"
"请选择 Analysis Engine .cfg 配置","请选择 Analysis Engine .cfg 配置","Analysis Engine の .cfg 設定を選択してください","Analysis Engine .cfg 설정을 선택하세요","Select an Analysis Engine .cfg file"
"浏览","浏览","参照","찾아보기","Browse"
"分析计算量","分析计算量","解析量","분석 연산량","Analysis effort"
"分析刷新间隔","分析刷新间隔","解析更新間隔","분석 갱신 간격","Analysis refresh interval"
"候选变化图手数","候选变化图手数","候補変化図の手数","후보 변화도 수순","Candidate variation length"
"额外盘面候选数","额外盘面候选数","盤面の追加候補数","추가 바둑판 후보 수","Additional board candidates"
"显示目差","显示目差","目数差を表示","집 차이 표시","Show score lead"
"整局快速分析计算量","整局快速分析计算量","全局高速解析量","전체 대국 빠른 분석량","Fast full-game analysis effort"
"每个局面的 visits；1 最快，仅用于观察胜率和目差趋势","每个局面的 visits；1 最快，仅用于观察胜率和目差趋势","各局面の visits。1 が最速で、勝率と目数差の傾向確認専用です","각 국면의 visits입니다. 1이 가장 빠르며 승률과 집 차이 추세 확인용입니다","Visits per position; 1 is fastest and intended only for win-rate and score-lead trends"
"测试路径","测试路径","パスをテスト","경로 테스트","Test paths"
"自动性能检测","自动性能检测","自動性能テスト","자동 성능 테스트","Automatic performance test"
"测试适合当前设备的搜索线程和批量大小，可由用户主动停止","测试适合当前设备的搜索线程和批量大小，可由用户主动停止","現在のデバイスに適した探索スレッド数とバッチサイズをテストします。手動で停止できます","현재 장치에 적합한 검색 스레드와 배치 크기를 테스트하며 사용자가 중지할 수 있습니다","Test search threads and batch size for this device; the test can be stopped manually"
"尚未配置","尚未配置","未設定","설정되지 않음","Not configured"
"保存设置失败","保存设置失败","設定の保存に失敗","설정 저장 실패","Failed to save settings"
"确认并保存设置","确认并保存设置","設定を確定して保存","설정 확인 및 저장","Confirm and save settings"
"还原本次修改","还原本次修改","今回の変更を元に戻す","이번 변경 되돌리기","Restore changes"
"取消并关闭设置","取消并关闭设置","キャンセルして設定を閉じる","취소하고 설정 닫기","Cancel and close settings"
"选择 KataGo 可执行文件","选择 KataGo 可执行文件","KataGo 実行ファイルを選択","KataGo 실행 파일 선택","Select KataGo executable"
"选择 KataGo 神经网络模型","选择 KataGo 神经网络模型","KataGo ニューラルネットワークモデルを選択","KataGo 신경망 모델 선택","Select KataGo neural network model"
"选择 KataGo Analysis Engine 配置文件","选择 KataGo Analysis Engine 配置文件","KataGo Analysis Engine 設定ファイルを選択","KataGo Analysis Engine 설정 파일 선택","Select KataGo Analysis Engine configuration"
"KataGo 自动性能检测","KataGo 自动性能检测","KataGo 自動性能テスト","KataGo 자동 성능 테스트","KataGo automatic performance test"
"开始检测","开始检测","テスト開始","테스트 시작","Start test"
"还需保存设置","还需保存设置","設定の保存が必要です","설정을 저장해야 합니다","Settings still need to be saved"
"性能检测结果尚未生效。\n请回到设置面板，点击左上角绿色 ✓ 保存设置。","性能检测结果尚未生效。\n请回到设置面板，点击左上角绿色 ✓ 保存设置。","性能テスト結果はまだ反映されていません。\n設定パネルに戻り、左上の緑色の ✓ をクリックして保存してください。","성능 테스트 결과가 아직 적용되지 않았습니다.\n설정 패널로 돌아가 왼쪽 위의 초록색 ✓를 눌러 저장하세요.","The performance test result is not active yet.\nReturn to Settings and click the green ✓ in the upper-left to save it."
"知道了","知道了","了解","확인","Got it"
"停止","停止","停止","중지","Stop"
"确认","确认","確認","확인","Confirm"
"关闭","关闭","閉じる","닫기","Close"
"取消","取消","キャンセル","취소","Cancel"
"确定","确定","OK","확인","OK"
"保存","保存","保存","저장","Save"
"删除","删除","削除","삭제","Delete"
"新建","新建","新規","새로 만들기","New"
"另存","另存","別名保存","다른 이름으로 저장","Save as"
"导出","导出","エクスポート","내보내기","Export"
"工具","工具","ツール","도구","Tools"
"新建棋局标签（Ctrl+N）","新建棋局标签（Ctrl+N）","新しい棋譜タブ（Ctrl+N）","새 기보 탭(Ctrl+N)","New game tab (Ctrl+N)"
"保存棋谱（Ctrl+S）","保存棋谱（Ctrl+S）","棋譜を保存（Ctrl+S）","기보 저장(Ctrl+S)","Save game record (Ctrl+S)"
"另存棋谱（Ctrl+A）","另存棋谱（Ctrl+A）","棋譜を別名保存（Ctrl+A）","기보를 다른 이름으로 저장(Ctrl+A)","Save game record as (Ctrl+A)"
"导出排版为 PPTX","导出排版为 PPTX","レイアウトを PPTX に出力","편집물을 PPTX로 내보내기","Export layout as PPTX"
"打开非主要功能菜单","打开非主要功能菜单","補助機能メニューを開く","보조 기능 메뉴 열기","Open secondary tools menu"
"保留主干","保留主干","本線のみ残す","본선만 유지","Keep main line"
"清除笔记","清除笔记","ノートを消去","노트 지우기","Clear notes"
"确认保留主干","确认保留主干","本線のみ残す","본선 유지 확인","Confirm keeping main line"
"确认清除笔记","确认清除笔记","ノート消去の確認","노트 지우기 확인","Confirm clearing notes"
"工具操作失败","工具操作失败","ツール操作に失敗","도구 작업 실패","Tool operation failed"
"保存 SGF 棋谱","保存 SGF 棋谱","SGF 棋譜を保存","SGF 기보 저장","Save SGF game record"
"保存失败","保存失败","保存に失敗","저장 실패","Save failed"
"无法保存 SGF 棋谱。","无法保存 SGF 棋谱。","SGF 棋譜を保存できません。","SGF 기보를 저장할 수 없습니다.","Could not save the SGF game record."
"确认保存","确认保存","保存の確認","저장 확인","Confirm save"
"是否保存当前棋谱？","是否保存当前棋谱？","現在の棋譜を保存しますか？","현재 기보를 저장하시겠습니까?","Save the current game record?"
"导出 PPTX 排版","导出 PPTX 排版","PPTX レイアウトを出力","PPTX 편집물 내보내기","Export PPTX layout"
"导出失败","导出失败","エクスポートに失敗","내보내기 실패","Export failed"
"无法导出 PPTX 排版。","无法导出 PPTX 排版。","PPTX レイアウトを出力できません。","PPTX 편집물을 내보낼 수 없습니다.","Could not export the PPTX layout."
"导出成功","导出成功","エクスポート完了","내보내기 성공","Export successful"
"PPTX 排版已成功导出。","PPTX 排版已成功导出。","PPTX レイアウトを出力しました。","PPTX 편집물을 성공적으로 내보냈습니다.","The PPTX layout was exported successfully."
"正在导出 PPTX","正在导出 PPTX","PPTX を出力中","PPTX 내보내는 중","Exporting PPTX"
"正在准备导出…","正在准备导出…","出力の準備中…","내보내기 준비 중…","Preparing export…"
"正在导出第 %d / %d 页…","正在导出第 %d / %d 页…","%d / %d ページを出力中…","%d / %d페이지 내보내는 중…","Exporting page %d / %d…"
"正在写入目标文件…","正在写入目标文件…","出力先に書き込み中…","대상 파일에 쓰는 중…","Writing the output file…"
"无法创建 PPTX 临时文件。","无法创建 PPTX 临时文件。","PPTX 一時ファイルを作成できません。","PPTX 임시 파일을 만들 수 없습니다.","Could not create the temporary PPTX file."
"无法创建 PPTX 导出快照。","无法创建 PPTX 导出快照。","PPTX 出力用スナップショットを作成できません。","PPTX 내보내기 스냅샷을 만들 수 없습니다.","Could not create the PPTX export snapshot."
"无法读取已生成的 PPTX 临时文件。","无法读取已生成的 PPTX 临时文件。","生成した PPTX 一時ファイルを読み込めません。","생성된 PPTX 임시 파일을 읽을 수 없습니다.","Could not read the generated temporary PPTX file."
"无法写入所选的 PPTX 文件。","无法写入所选的 PPTX 文件。","選択した PPTX ファイルに書き込めません。","선택한 PPTX 파일에 쓸 수 없습니다.","Could not write the selected PPTX file."
"目前安卓端由于技术原因，不支持将棋盘导出为PNG图片，请切换至SVG模式再导出。SVG图片版的PPTX可使用Microsoft官方版Powerpoint App浏览编辑，请注意WPS可能无法显示SVG图片。","目前安卓端由于技术原因，不支持将棋盘导出为PNG图片，请切换至SVG模式再导出。SVG图片版的PPTX可使用Microsoft官方版Powerpoint App浏览编辑，请注意WPS可能无法显示SVG图片。","現在、Android版では技術上の理由により、碁盤をPNG画像として出力できません。SVGモードに切り替えてから再度出力してください。SVG画像を使用したPPTXは、Microsoft公式のPowerPointアプリで閲覧・編集できます。WPSではSVG画像が表示されない場合があります。","현재 Android 버전은 기술적인 이유로 바둑판을 PNG 이미지로 내보낼 수 없습니다. SVG 모드로 전환한 후 다시 내보내 주세요. SVG 이미지가 포함된 PPTX는 Microsoft 공식 PowerPoint 앱에서 열고 편집할 수 있습니다. WPS에서는 SVG 이미지가 표시되지 않을 수 있습니다.","PNG board-image export is currently unavailable on Android for technical reasons. Switch to SVG mode and export again. PPTX files containing SVG images can be viewed and edited with the official Microsoft PowerPoint app. WPS may not display SVG images."
"关闭标签","关闭标签","タブを閉じる","탭 닫기","Close tab"
"是否关闭这个标签？","是否关闭这个标签？","このタブを閉じますか？","이 탭을 닫으시겠습니까?","Close this tab?"
"保留当前变化并退出","保留当前变化并退出","現在の変化を保存して終了","현재 변화를 유지하고 종료","Keep current variation and exit"
"丢弃当前变化并退出（Esc）","丢弃当前变化并退出（Esc）","現在の変化を破棄して終了（Esc）","현재 변화를 버리고 종료(Esc)","Discard current variation and exit (Esc)"
"接受标记修改","接受标记修改","マーク変更を確定","마크 변경 적용","Accept mark changes"
"放弃标记修改（Esc）","放弃标记修改（Esc）","マーク変更を破棄（Esc）","마크 변경 취소(Esc)","Discard mark changes (Esc)"
"擦除标记","擦除标记","マークを消去","마크 지우기","Erase marks"
"选择下一步的预置棋子分支","选择下一步的预置棋子分支","次の初期配置分岐を選択","다음 배치 분기 선택","Select the next setup-stone branch"
"向棋局开始方向找子（Ctrl+G）","向棋局开始方向找子（Ctrl+G）","棋譜の先頭方向に石を検索（Ctrl+G）","기보 시작 방향으로 돌 찾기(Ctrl+G)","Find stone toward game start (Ctrl+G)"
"向棋局结束方向找子（Ctrl+F）","向棋局结束方向找子（Ctrl+F）","棋譜の終端方向に石を検索（Ctrl+F）","기보 끝 방향으로 돌 찾기(Ctrl+F)","Find stone toward game end (Ctrl+F)"
"调整或删除下一手分支（Ctrl+X）","调整或删除下一手分支（Ctrl+X）","次の分岐を並べ替え・削除（Ctrl+X）","다음 분기 순서 조정·삭제(Ctrl+X)","Reorder or delete next branches (Ctrl+X)"
"进入变化图（Ctrl+T，Esc 退出）","进入变化图（Ctrl+T，Esc 退出）","変化図に入る（Ctrl+T、Esc で終了）","변화도 시작(Ctrl+T, Esc로 종료)","Enter variation mode (Ctrl+T, Esc to exit)"
"锁定棋盘：禁止落子和悔棋，可继续浏览棋局（Ctrl+E）","锁定棋盘：禁止落子和悔棋，可继续浏览棋局（Ctrl+E）","碁盤をロック：着手と一手戻しを禁止し、棋譜閲覧は可能（Ctrl+E）","바둑판 잠금: 착수와 무르기는 금지하고 기보 탐색은 허용(Ctrl+E)","Lock board: prevent moves and takebacks while allowing navigation (Ctrl+E)"
"当前黑方落子；点击或按 Ctrl+Q 切换为白方","当前黑方落子；点击或按 Ctrl+Q 切换为白方","現在は黒番。クリックまたは Ctrl+Q で白番に切り替え","현재 흑 차례. 클릭하거나 Ctrl+Q로 백으로 전환","Black to play; click or press Ctrl+Q to switch to White"
"棋局分支可视化（Ctrl+W）","棋局分支可视化（Ctrl+W）","棋譜分岐を可視化（Ctrl+W）","기보 분기 시각화(Ctrl+W)","Visualize game branches (Ctrl+W)"
"笔记（Ctrl+M）","笔记（Ctrl+M）","ノート（Ctrl+M）","노트(Ctrl+M)","Notes (Ctrl+M)"
"棋谱信息","棋谱信息","棋譜情報","기보 정보","Game information"
"KataGo分析","KataGo分析","KataGo 解析","KataGo 분석","KataGo analysis"
"接受预置棋子","接受预置棋子","初期配置を確定","배치 적용","Accept setup stones"
"取消预置棋子","取消预置棋子","初期配置をキャンセル","배치 취소","Cancel setup stones"
"清除交叉点上的预置棋子","清除交叉点上的预置棋子","交点の初期配置石を消去","교차점의 배치 돌 지우기","Clear the setup stone at an intersection"
"使用黑子预置","使用黑子预置","黒石で初期配置","흑돌로 배치","Set up Black stones"
"使用白子预置","使用白子预置","白石で初期配置","백돌로 배치","Set up White stones"
"悔棋","悔棋","一手戻す","무르기","Take back"
"创建棋盘","创建棋盘","碁盤を作成","바둑판 만들기","Create board"
"请选择棋盘路数","请选择棋盘路数","碁盤の路数を選択してください","바둑판 크기를 선택하세요","Select board size"
"9 路","9 路","9 路","9로","9×9"
"11 路","11 路","11 路","11로","11×11"
"13 路","13 路","13 路","13로","13×13"
"15 路","15 路","15 路","15로","15×15"
"19 路","19 路","19 路","19로","19×19"
"创建","创建","作成","만들기","Create"
"从本地 SGF 棋谱创建","从本地 SGF 棋谱创建","ローカル SGF 棋譜から作成","로컬 SGF 기보에서 만들기","Create from a local SGF game record"
"加载 SGF 棋谱","加载 SGF 棋谱","SGF 棋譜を読み込む","SGF 기보 불러오기","Load SGF game record"
"加载","加载","読み込む","불러오기","Load"
"粘贴","粘贴","貼り付け","붙여넣기","Paste"
"剪贴板中没有 SGF 文本。","剪贴板中没有 SGF 文本。","クリップボードに SGF テキストがありません。","클립보드에 SGF 텍스트가 없습니다.","The clipboard does not contain SGF text."
"加载失败","加载失败","読み込みに失敗","불러오기 실패","Load failed"
"无法加载 SGF 棋谱。","无法加载 SGF 棋谱。","SGF 棋譜を読み込めません。","SGF 기보를 불러올 수 없습니다.","Could not load the SGF game record."
"预置棋子（Ctrl+H）","预置棋子（Ctrl+H）","初期配置（Ctrl+H）","돌 배치(Ctrl+H)","Setup stones (Ctrl+H)"
"预置","预置","初期配置","배치","Setup"
"拖动以浏览棋局","拖动以浏览棋局","ドラッグして棋譜を移動","드래그하여 기보 탐색","Drag to navigate the game"
"向棋局开始方向漫游一手","向棋局开始方向漫游一手","棋譜の先頭方向へ一手戻る","기보 시작 방향으로 한 수 이동","Go back one move"
"向棋局结束方向漫游一手","向棋局结束方向漫游一手","棋譜の終端方向へ一手進む","기보 끝 방향으로 한 수 이동","Go forward one move"
"播放棋局","播放棋局","棋譜を再生","기보 재생","Play game"
"确认悔棋","确认悔棋","一手戻す確認","무르기 확인","Confirm takeback"
"确定要撤销上一手棋吗？","确定要撤销上一手棋吗？","直前の一手を戻しますか？","마지막 수를 무르시겠습니까?","Take back the previous move?"
"确定要撤销当前变化及其全部后续变化吗？","确定要撤销当前变化及其全部后续变化吗？","現在の変化とそれ以降の変化をすべて取り消しますか？","현재 변화와 그 이후의 모든 변화를 무르시겠습니까?","Take back the current variation and all subsequent variations?"
"确认剪切分支","确认剪切分支","分岐削除の確認","분기 잘라내기 확인","Confirm branch cut"
"确定要剪掉所选节点及其全部后续节点吗？\n此操作可以通过 Undo 恢复。","确定要剪掉所选节点及其全部后续节点吗？\n此操作可以通过 Undo 恢复。","選択したノードとその後続ノードをすべて削除しますか？\nこの操作は Undo で復元できます。","선택한 노드와 모든 후속 노드를 잘라내시겠습니까?\n이 작업은 실행 취소로 복원할 수 있습니다.","Cut the selected node and all of its descendants?\nThis operation can be restored with Undo."
"剪切","剪切","削除","잘라내기","Cut"
"找子","找子","石を検索","돌 찾기","Find stone"
"没有在指定方向找到这颗棋子。","没有在指定方向找到这颗棋子。","指定した方向にこの石は見つかりませんでした。","지정한 방향에서 이 돌을 찾지 못했습니다.","The stone was not found in the specified direction."
"无法修改预置局面","无法修改预置局面","初期配置を変更できません","배치 국면을 수정할 수 없음","Cannot edit setup position"
"调整、删除、双击进入","调整、删除、双击进入","並べ替え・削除・ダブルクリックで移動","순서 조정·삭제·두 번 클릭하여 이동","Reorder, delete, or double-click to enter"
"进入","进入","入る","들어가기","Enter"
"进入这个分支","进入这个分支","この分岐に入る","이 분기로 들어가기","Enter this branch"
"接受调整","接受调整","並べ替えを確定","순서 조정 적용","Accept changes"
"放弃调整（Esc）","放弃调整（Esc）","並べ替えを破棄（Esc）","순서 조정 취소(Esc)","Discard changes (Esc)"
"确认删除分支","确认删除分支","分岐削除の確認","분기 삭제 확인","Confirm branch deletion"
"退出","退出","終了","나가기","Exit"
"正在分析棋谱分支……","正在分析棋谱分支……","棋譜の分岐を解析中…","기보 분기 분석 중…","Analyzing game branches…"
"确定要删除所选局面及其全部后续分支吗？\n此操作可以通过 Undo 恢复。","确定要删除所选局面及其全部后续分支吗？\n此操作可以通过 Undo 恢复。","選択した局面とその後続分岐をすべて削除しますか？\nこの操作は Undo で復元できます。","선택한 국면과 모든 후속 분기를 삭제하시겠습니까?\n이 작업은 실행 취소로 복원할 수 있습니다.","Delete the selected position and all descendant branches?\nThis operation can be restored with Undo."
"选择预置棋子分支","选择预置棋子分支","初期配置分岐を選択","배치 분기 선택","Select setup-stone branch"
"笔记内容尚未保存","笔记内容尚未保存","ノートはまだ保存されていません","노트 내용이 저장되지 않음","Note changes are not saved"
"标题或评论已经发生改变，请选择如何处理本次编辑。","标题或评论已经发生改变，请选择如何处理本次编辑。","タイトルまたはコメントが変更されています。編集内容の処理方法を選択してください。","제목 또는 설명이 변경되었습니다. 편집 내용을 처리할 방법을 선택하세요.","The title or comment has changed. Choose how to handle the edits."
"保存并继续","保存并继续","保存して続行","저장하고 계속","Save and continue"
"输入节点标题","输入节点标题","ノードのタイトルを入力","노드 제목 입력","Enter node title"
"接受标题和评论修改","接受标题和评论修改","タイトルとコメントの変更を確定","제목과 설명 변경 적용","Accept title and comment changes"
"取消标题和评论修改","取消标题和评论修改","タイトルとコメントの変更をキャンセル","제목과 설명 변경 취소","Cancel title and comment changes"
"按 A-Z、a-z 顺序标记","按 A-Z、a-z 顺序标记","A-Z、a-z の順にマーク","A-Z, a-z 순서로 표시","Mark sequentially with A-Z and a-z"
"三角标记（TR）","三角标记（TR）","三角マーク（TR）","삼각형 마크(TR)","Triangle mark (TR)"
"方框标记（SQ）","方框标记（SQ）","四角マーク（SQ）","사각형 마크(SQ)","Square mark (SQ)"
"圆圈标记（CR）","圆圈标记（CR）","丸マーク（CR）","원형 마크(CR)","Circle mark (CR)"
"叉号标记（MA）","叉号标记（MA）","× マーク（MA）","엑스 마크(MA)","Cross mark (MA)"
"擦除符号标记","擦除符号标记","記号マークを消去","기호 마크 지우기","Erase symbol marks"
"棋子编号","棋子编号","碁石番号","바둑돌 번호","Stone numbering"
"棋谱信息已修改","棋谱信息已修改","棋譜情報が変更されています","기보 정보가 변경됨","Game information changed"
"棋谱信息已经发生改变，是否保留编辑内容？","棋谱信息已经发生改变，是否保留编辑内容？","棋譜情報が変更されています。編集内容を保存しますか？","기보 정보가 변경되었습니다. 편집 내용을 유지하시겠습니까?","Game information has changed. Keep the edits?"
"保留","保留","保存","유지","Keep"
"放弃","放弃","破棄","버리기","Discard"
"更新失败","更新失败","更新に失敗","업데이트 실패","Update failed"
"接受全部棋谱信息修改","接受全部棋谱信息修改","棋譜情報の変更をすべて確定","모든 기보 정보 변경 적용","Accept all game-information changes"
"取消全部棋谱信息修改","取消全部棋谱信息修改","棋譜情報の変更をすべてキャンセル","모든 기보 정보 변경 취소","Cancel all game-information changes"
"棋局名称","棋局名称","対局名","대국 이름","Game name"
"赛事名称","赛事名称","大会名","대회 이름","Event"
"轮次","轮次","ラウンド","라운드","Round"
"日期","日期","日付","날짜","Date"
"例如 2026-07-31","例如 2026-07-31","例：2026-07-31","예: 2026-07-31","For example, 2026-07-31"
"地点","地点","場所","장소","Place"
"黑方姓名","黑方姓名","黒番名","흑 이름","Black player"
"黑方段位","黑方段位","黒番段位","흑 단급","Black rank"
"白方姓名","白方姓名","白番名","백 이름","White player"
"白方段位","白方段位","白番段位","백 단급","White rank"
"结果","结果","結果","결과","Result"
"例如 B+R / W+2.5 / 0","例如 B+R / W+2.5 / 0","例: B+R / W+2.5 / 0","예: B+R / W+2.5 / 0","For example: B+R / W+2.5 / 0"
"规则","规则","ルール","규칙","Rules"
"贴目","贴目","コミ","덤","Komi"
"例如 6.5","例如 6.5","例：6.5","예: 6.5","For example, 6.5"
"让子数","让子数","置き石数","접바둑 돌 수","Handicap"
"非负整数","非负整数","0 以上の整数","0 이상의 정수","Non-negative integer"
"基本用时（秒）","基本用时（秒）","持ち時間（秒）","기본 제한 시간(초)","Main time (seconds)"
"非负数","非负数","0 以上の数値","0 이상의 수","Non-negative number"
"读秒信息","读秒信息","秒読み情報","초읽기 정보","Overtime information"
"布局名称","布局名称","布石名","포석 이름","Opening name"
"解说者 / 记录者","解说者 / 记录者","解説者／記録者","해설자 / 기록자","Annotator / recorder"
"棋谱来源","棋谱来源","棋譜の出典","기보 출처","Source"
"版权信息","版权信息","著作権情報","저작권 정보","Copyright"
"棋局总评","棋局总评","対局総評","대국 총평","Game commentary"
"加大计算量","加大计算量","解析量を増やす","연산량 늘리기","Increase analysis effort"
"使用右侧指定的 maxplayouts 加大当前局面的计算量","使用右侧指定的 maxplayouts 加大当前局面的计算量","右側で指定した maxplayouts で現在局面の解析量を増やします","오른쪽에 지정한 maxplayouts로 현재 국면의 연산량을 늘립니다","Increase analysis effort for the current position using the maxplayouts value on the right"
"尚未开始分析","尚未开始分析","解析はまだ開始されていません","분석을 시작하지 않음","Analysis has not started"
"持续分析","持续分析","継続解析","지속 분석","Continuous analysis"
"分析当前局面/恢复界面刷新","分析当前局面/恢复界面刷新","現在局面を解析／画面更新を再開","현재 국면 분석/화면 갱신 재개","Analyze current position / resume display updates"
"暂停界面刷新","暂停界面刷新","画面更新を一時停止","화면 갱신 일시 정지","Pause display updates"
"停止当前分析","停止当前分析","現在の解析を停止","현재 분석 중지","Stop current analysis"
"点击曲线位置漫游到对应局面","点击曲线位置漫游到对应局面","グラフをクリックして対応局面へ移動","곡선 위치를 클릭하여 해당 국면으로 이동","Click the chart to navigate to the corresponding position"
"━ 黑方胜率","━ 黑方胜率","━ 黒勝率","━ 흑 승률","━ Black win rate"
"━ 黑方目差","━ 黑方目差","━ 黒の目数差","━ 흑 집 차이","━ Black score lead"
"分析当前播放条对应的整条棋局路径","分析当前播放条对应的整条棋局路径","現在の再生経路全体を解析","현재 재생 경로 전체 분석","Analyze the entire current playback path"
"分析整条播放路径","分析整条播放路径","再生経路全体を解析","전체 재생 경로 분석","Analyze full playback path"
"计算量无效","计算量无效","解析量が無効です","연산량이 올바르지 않음","Invalid analysis effort"
"请输入大于 0 的 maxplayouts。","请输入大于 0 的 maxplayouts。","0 より大きい maxplayouts を入力してください。","0보다 큰 maxplayouts를 입력하세요.","Enter a maxplayouts value greater than 0."
"位置","位置","位置","위치","Move"
"黑胜率","黑胜率","黒勝率","흑 승률","Black win rate"
"目差","目差","目数差","집 차이","Score lead"
"变化图","变化图","変化図","변화도","Variation"
"进入","进入","表示","들어가기","Enter"
"GNE0001","命令已经执行。","コマンドはすでに実行されています。","명령이 이미 실행되었습니다.","The command has already been executed."
"GNE0002","坐标超出棋盘范围。","座標が碁盤の範囲外です。","좌표가 바둑판 범위를 벗어났습니다.","The coordinate is outside the board."
"GNE0003","设置预置棋子失败。","初期配置に失敗しました。","돌 배치에 실패했습니다.","Failed to set up stones."
"GNE0004","命令无法撤销。","コマンドを元に戻せません。","명령을 실행 취소할 수 없습니다.","The command cannot be undone."
"GNE0005","恢复预置棋子失败。","初期配置の復元に失敗しました。","배치 복원에 실패했습니다.","Failed to restore setup stones."
"GNE0006","落子失败。","着手に失敗しました。","착수에 실패했습니다.","Failed to place the stone."
"GNE0007","悔棋失败。","一手戻す操作に失敗しました。","무르기에 실패했습니다.","Takeback failed."
"GNE0008","恢复被悔棋的棋子失败。","戻した手の復元に失敗しました。","무른 수 복원에 실패했습니다.","Failed to restore the taken-back move."
"GNE0009","该位置的落子已经存在。","その位置の着手はすでに存在します。","해당 위치의 착수가 이미 존재합니다.","A move at that position already exists."
"GNE0010","棋局漫游失败。","棋譜の移動に失敗しました。","기보 탐색에 실패했습니다.","Failed to navigate the game."
"GNE0011","无效命令。","無効なコマンドです。","잘못된 명령입니다.","Invalid command."
"GNE0012","没有可撤销的命令。","元に戻せるコマンドがありません。","실행 취소할 명령이 없습니다.","There is no command to undo."
"GNE0013","未在指定位置找到落子。","指定位置に石が見つかりません。","지정한 위치에서 돌을 찾지 못했습니다.","No stone was found at the specified position."
"GNE0014","没有可重做的命令。","やり直せるコマンドがありません。","다시 실행할 명령이 없습니다.","There is no command to redo."
"GNE0016","笔记层级超出范围。","ノート階層が範囲外です。","노트 계층이 범위를 벗어났습니다.","The note level is out of range."
"GNE0017","笔记标记坐标超出棋盘范围。","ノートマークの座標が碁盤の範囲外です。","노트 마크 좌표가 바둑판 범위를 벗어났습니다.","The note-mark coordinate is outside the board."
"GNE0018","该位置已经有顺序标记。","その位置にはすでに連番マークがあります。","해당 위치에 순서 마크가 이미 있습니다.","That position already has a sequential mark."
"GNE0019","该位置没有顺序标记。","その位置には連番マークがありません。","해당 위치에 순서 마크가 없습니다.","That position has no sequential mark."
"GNE0020","该位置没有符号标记。","その位置には記号マークがありません。","해당 위치에 기호 마크가 없습니다.","That position has no symbol mark."
"GNE0021","恢复笔记失败。","ノートの復元に失敗しました。","노트 복원에 실패했습니다.","Failed to restore the note."
"GNE0022","剪切棋局分支失败。","棋譜分岐の削除に失敗しました。","기보 분기 잘라내기에 실패했습니다.","Failed to cut the game branch."
"GNE0023","相同的预置局面分支已经存在。","同じ初期配置局面の分岐がすでに存在します。","동일한 배치 국면 분기가 이미 존재합니다.","An identical setup-position branch already exists."
"GNE0024","棋子编号方式超出有效范围。","碁石番号方式が有効範囲外です。","바둑돌 번호 방식이 유효 범위를 벗어났습니다.","The stone-numbering mode is out of range."
"GNE0025","当前棋谱没有可供排版的笔记。","現在の棋譜にはレイアウト対象のノートがありません。","현재 기보에 편집할 노트가 없습니다.","The current game record has no notes to lay out."
"GNE0026","无法读取 PPTX 排版模板。","PPTX レイアウトテンプレートを読み込めません。","PPTX 편집 템플릿을 읽을 수 없습니다.","Could not read the PPTX layout template."
"GNE0027","PPTX 排版模板无效。","PPTX レイアウトテンプレートが無効です。","PPTX 편집 템플릿이 올바르지 않습니다.","The PPTX layout template is invalid."
"GNE0028","无法写入 PPTX 文件。","PPTX ファイルを書き込めません。","PPTX 파일을 쓸 수 없습니다.","Could not write the PPTX file."
"GNE0029","棋谱结果（RE）不是有效的 SGF 格式。","棋譜結果（RE）が有効な SGF 形式ではありません。","기보 결과(RE)가 올바른 SGF 형식이 아닙니다.","The game result (RE) is not valid SGF format."
"GNE0030","棋谱信息中包含未知字段。","棋譜情報に不明な項目があります。","기보 정보에 알 수 없는 필드가 있습니다.","The game information contains an unknown field."
"GNE0031","棋谱信息的填写格式无效。","棋譜情報の入力形式が無効です。","기보 정보 형식이 올바르지 않습니다.","The game-information format is invalid."
"GNE0032","恢复棋谱信息失败。","棋譜情報の復元に失敗しました。","기보 정보 복원에 실패했습니다.","Failed to restore game information."
"GNE0033","不支持所选的 PPTX 棋盘图片格式。","選択した PPTX 碁盤画像形式はサポートされていません。","선택한 PPTX 바둑판 이미지 형식은 지원되지 않습니다.","The selected PPTX board-image format is not supported."
"GNE0034","无法将棋盘图转换为 PNG。","碁盤画像を PNG に変換できません。","바둑판 그림을 PNG로 변환할 수 없습니다.","Could not convert the board image to PNG."
"GNE0035","当前预置节点无法修改，或修改没有产生实际变化。","現在の初期配置ノードは変更できないか、変更内容がありません。","현재 배치 노드를 수정할 수 없거나 실제 변경이 없습니다.","The current setup node cannot be edited, or the edit made no change."
"GNE0036","修改后的预置局面包含没有气的棋块。","変更後の初期配置に呼吸点のない石群があります。","수정된 배치 국면에 활로가 없는 돌 무리가 있습니다.","The edited setup position contains a group with no liberties."
"GNE0037","修改预置棋子后，后续棋局分支无法继续重放。","初期配置の変更後、後続の棋譜分岐を再生できません。","배치 돌을 수정한 뒤 후속 기보 분기를 재생할 수 없습니다.","A descendant branch cannot be replayed after editing setup stones."
"GNE0038","恢复预置节点修改失败。","初期配置ノード変更の復元に失敗しました。","배치 노드 수정 복원에 실패했습니다.","Failed to restore the setup-node edit."
"GNE0039","棋谱没有可删除的旁支，或保留主干失败。","削除できる脇道がないか、本線のみを残す処理に失敗しました。","삭제할 곁가지가 없거나 본선 유지에 실패했습니다.","There are no side branches to delete, or keeping the main line failed."
"GNE0040","当前棋谱没有可清除的笔记。","現在の棋譜には消去できるノートがありません。","현재 기보에 지울 노트가 없습니다.","The current game record has no notes to clear."
"分析配置文件","分析配置文件","解析設定ファイル","분석 설정 파일","Analysis configuration"
"、","、","、"," · ",", "
"%s路径已失效，请重新选择","%s路径已失效，请重新选择","%sのパスが無効です。再度選択してください","%s 경로가 유효하지 않습니다. 다시 선택하세요","The path for %s is no longer valid; select it again"
"写入性能配置失败：%s","写入性能配置失败：%s","性能設定の書き込みに失敗：%s","성능 설정 쓰기 실패: %s","Failed to write performance configuration: %s"
"保存设置失败：%s","保存设置失败：%s","設定の保存に失敗：%s","설정 저장 실패: %s","Failed to save settings: %s"
"KataGo 可执行文件路径无效。","KataGo 可执行文件路径无效。","KataGo 実行ファイルのパスが無効です。","KataGo 실행 파일 경로가 올바르지 않습니다.","The KataGo executable path is invalid."
"KataGo 神经网络模型路径无效。","KataGo 神经网络模型路径无效。","KataGo ニューラルネットワークモデルのパスが無効です。","KataGo 신경망 모델 경로가 올바르지 않습니다.","The KataGo neural network model path is invalid."
"KataGo 分析配置文件路径无效。","KataGo 分析配置文件路径无效。","KataGo 解析設定ファイルのパスが無効です。","KataGo 분석 설정 파일 경로가 올바르지 않습니다.","The KataGo analysis configuration path is invalid."
"KataGo 可执行文件路径无效","KataGo 可执行文件路径无效","KataGo 実行ファイルのパスが無効です","KataGo 실행 파일 경로가 올바르지 않습니다","Invalid KataGo executable path"
"神经网络模型路径无效","神经网络模型路径无效","ニューラルネットワークモデルのパスが無効です","신경망 모델 경로가 올바르지 않습니다","Invalid neural network model path"
"请选择 KataGo 可执行文件","请选择 KataGo 可执行文件","KataGo 実行ファイルを選択してください","KataGo 실행 파일을 선택하세요","Select the KataGo executable"
"请选择神经网络模型","请选择神经网络模型","ニューラルネットワークモデルを選択してください","신경망 모델을 선택하세요","Select a neural network model"
"请选择有效的KataGo分析配置文件","请选择有效的KataGo分析配置文件","有効な KataGo 解析設定ファイルを選択してください","올바른 KataGo 분석 설정 파일을 선택하세요","Select a valid KataGo analysis configuration"
"配置有效，可以测试","配置有效，可以测试","設定は有効です。テストできます","설정이 유효합니다. 테스트할 수 있습니다","Configuration is valid and ready to test"
"请先完整配置有效路径","请先完整配置有效路径","先にすべての有効なパスを設定してください","먼저 모든 유효한 경로를 설정하세요","Configure all required valid paths first"
"无法启动 KataGo","无法启动 KataGo","KataGo を起動できません","KataGo를 시작할 수 없습니다","Could not start KataGo"
"正在检测 KataGo…","正在检测 KataGo…","KataGo を確認中…","KataGo 확인 중…","Testing KataGo…"
"KataGo 检测超时","KataGo 检测超时","KataGo の確認がタイムアウトしました","KataGo 확인 시간이 초과되었습니다","KataGo test timed out"
"该文件不是可识别的 KataGo 程序","该文件不是可识别的 KataGo 程序","このファイルは認識可能な KataGo プログラムではありません","이 파일은 인식할 수 있는 KataGo 프로그램이 아닙니다","This file is not a recognized KataGo program"
"已检测：%s","已检测：%s","確認済み：%s","확인됨: %s","Detected: %s"
"自动性能检测会占用较多计算资源。TensorRT等后端首次初始化可能耗时较长，检测将持续到完成或由你主动停止。\n检测完成后将生成当前设备专用的KataGo分析配置。","自动性能检测会占用较多计算资源。TensorRT等后端首次初始化可能耗时较长，检测将持续到完成或由你主动停止。\n检测完成后将生成当前设备专用的KataGo分析配置。","自動性能テストは多くの計算資源を使用します。TensorRT などのバックエンドは初回初期化に時間がかかる場合があります。テストは完了するか手動で停止するまで続きます。\n完了後、このデバイス専用の KataGo 解析設定を生成します。","자동 성능 테스트는 많은 연산 자원을 사용합니다. TensorRT 등의 백엔드는 처음 초기화할 때 시간이 오래 걸릴 수 있습니다. 테스트는 완료되거나 사용자가 중지할 때까지 계속됩니다.\n완료 후 이 장치 전용 KataGo 분석 설정을 생성합니다.","The automatic performance test uses significant computing resources. Backends such as TensorRT may take a long time to initialize the first time. The test continues until it finishes or you stop it.\nWhen complete, it generates a KataGo analysis configuration for this device."
"正在启动 KataGo benchmark…","正在启动 KataGo benchmark…","KataGo benchmark を起動中…","KataGo benchmark 시작 중…","Starting KataGo benchmark…"
"无法启动KataGo性能检测","无法启动KataGo性能检测","KataGo 性能テストを起動できません","KataGo 성능 테스트를 시작할 수 없습니다","Could not start the KataGo performance test"
"无法启动 KataGo benchmark。","无法启动 KataGo benchmark。","KataGo benchmark を起動できません。","KataGo benchmark를 시작할 수 없습니다.","Could not start the KataGo benchmark."
"正在自动检测性能…","正在自动检测性能…","性能を自動テスト中…","자동 성능 테스트 중…","Running automatic performance test…"
"性能检测没有取得有效结果","性能检测没有取得有效结果","性能テストで有効な結果を取得できませんでした","성능 테스트에서 유효한 결과를 얻지 못했습니다","The performance test did not produce a valid result"
"性能检测没有取得有效结果。","性能检测没有取得有效结果。","性能テストで有効な結果を取得できませんでした。","성능 테스트에서 유효한 결과를 얻지 못했습니다.","The performance test did not produce a valid result."
"检测完成：%d线程，批量%d；请确认保存","检测完成：%d线程，批量%d；请确认保存","テスト完了：%d スレッド、バッチ %d。確認して保存してください","테스트 완료: %d 스레드, 배치 %d. 확인 후 저장하세요","Test complete: %d threads, batch %d; confirm to save"
"停止性能检测","停止性能检测","性能テストを停止","성능 테스트 중지","Stop performance test"
"确认检测结果","确认检测结果","テスト結果を確認","테스트 결과 확인","Confirm test result"
"关闭性能检测窗口","关闭性能检测窗口","性能テストウィンドウを閉じる","성능 테스트 창 닫기","Close performance-test window"
"已取消性能测试","已取消性能测试","性能テストをキャンセルしました","성능 테스트를 취소했습니다","Performance test canceled"
"当前局面已经改变，分支顺序调整已放弃。","当前局面已经改变，分支顺序调整已放弃。","局面が変更されたため、分岐の並べ替えを破棄しました。","국면이 변경되어 분기 순서 조정을 취소했습니다.","The position changed, so the branch reorder was discarded."
"当前局面已经改变，分支删除已放弃。","当前局面已经改变，分支删除已放弃。","局面が変更されたため、分岐の削除を中止しました。","국면이 변경되어 분기 삭제를 취소했습니다.","The position changed, so branch deletion was canceled."
"所选分支已不存在。","所选分支已不存在。","選択した分岐は存在しません。","선택한 분기가 더 이상 존재하지 않습니다.","The selected branch no longer exists."
"当前局面已经改变，无法进入所选分支。","当前局面已经改变，无法进入所选分支。","局面が変更されたため、選択した分岐へ移動できません。","국면이 변경되어 선택한 분기로 들어갈 수 없습니다.","The position changed, so the selected branch cannot be entered."
"调整或删除下一手分支（%d，Ctrl+X）","调整或删除下一手分支（%d，Ctrl+X）","次の分岐を並べ替え・削除（%d、Ctrl+X）","다음 분기 순서 조정·삭제(%d, Ctrl+X)","Reorder or delete next branches (%d, Ctrl+X)"
"当前局面没有可调整或删除的下一手分支","当前局面没有可调整或删除的下一手分支","現在の局面には並べ替え・削除できる次の分岐がありません","현재 국면에 순서를 조정하거나 삭제할 다음 분기가 없습니다","There are no next branches to reorder or delete"
"选择下一步的预置棋子分支（%d）","选择下一步的预置棋子分支（%d）","次の初期配置分岐を選択（%d）","다음 배치 분기 선택(%d)","Select the next setup-stone branch (%d)"
"所选预置棋子分支已经不存在。","所选预置棋子分支已经不存在。","選択した初期配置分岐は存在しません。","선택한 배치 분기가 더 이상 존재하지 않습니다.","The selected setup-stone branch no longer exists."
"新建笔记","新建笔记","新規ノート","새 노트","New note"
"新建笔记.sgf","新建笔记.sgf","新規ノート.sgf","새 노트.sgf","New note.sgf"
"是否将当前棋谱保存到：\n%s","是否将当前棋谱保存到：\n%s","現在の棋譜を次の場所に保存しますか？\n%s","현재 기보를 다음 위치에 저장하시겠습니까?\n%s","Save the current game record to:\n%s"
"是否关闭标签“%s”？","是否关闭标签“%s”？","タブ「%s」を閉じますか？","탭 '%s'을(를) 닫으시겠습니까?","Close the tab “%s”?"
"无法根据KataGo候选进入变化图。","无法根据KataGo候选进入变化图。","KataGo 候補から変化図に入れません。","KataGo 후보에서 변화도로 들어갈 수 없습니다.","Could not enter variation mode from the KataGo candidate."
"满","满","上限","가득 참","Full"
"无法从当前盘面进入变化图。","无法从当前盘面进入变化图。","現在の盤面から変化図に入れません。","현재 판에서 변화도로 들어갈 수 없습니다.","Could not enter variation mode from the current board."
"无法将当前变化图保留到主棋谱。","无法将当前变化图保留到主棋谱。","現在の変化図を主棋譜に保存できません。","현재 변화도를 주 기보에 유지할 수 없습니다.","Could not keep the current variation in the main game record."
"正在预置棋子（Esc 取消）","正在预置棋子（Esc 取消）","初期配置中（Esc でキャンセル）","돌 배치 중(Esc로 취소)","Setting up stones (Esc to cancel)"
"当前白方落子；点击或按 Ctrl+Q 切换为黑方","当前白方落子；点击或按 Ctrl+Q 切换为黑方","現在は白番。クリックまたは Ctrl+Q で黒番に切り替え","현재 백 차례. 클릭하거나 Ctrl+Q로 흑으로 전환","White to play; click or press Ctrl+Q to switch to Black"
"无法切换到所选棋局标签。","无法切换到所选棋局标签。","選択した棋譜タブに切り替えられません。","선택한 기보 탭으로 전환할 수 없습니다.","Could not switch to the selected game tab."
"停止播放","停止播放","再生を停止","재생 중지","Stop playback"
"预置分支 %d","预置分支 %d","初期配置分岐 %d","배치 분기 %d","Setup branch %d"
"黑 +%d　白 +%d　清除 %d","黑 +%d　白 +%d　清除 %d","黒 +%d　白 +%d　消去 %d","흑 +%d　백 +%d　지우기 %d","Black +%d  White +%d  Clear %d"
"当前局面没有下一手分支","当前局面没有下一手分支","現在の局面に次の分岐はありません","현재 국면에 다음 분기가 없습니다","The current position has no next branch"
"上移这个分支","上移这个分支","この分岐を上へ移動","이 분기를 위로 이동","Move this branch up"
"下移这个分支","下移这个分支","この分岐を下へ移動","이 분기를 아래로 이동","Move this branch down"
"删除这个分支","删除这个分支","この分岐を削除","이 분기 삭제","Delete this branch"
"黑","黑","黒","흑","Black"
"白","白","白","백","White"
"%s方落子分支 %d","%s方落子分支 %d","%s番の着手分岐 %d","%s 착수 분기 %d","%s move branch %d"
"第 %d 行，第 %d 列","第 %d 行，第 %d 列","%d 行、%d 列","%d행, %d열","Row %d, column %d"
"确定删除这个分支及其所有后续节点吗？\n此操作可以通过撤销恢复。","确定删除这个分支及其所有后续节点吗？\n此操作可以通过撤销恢复。","この分岐とその後続ノードをすべて削除しますか？\nこの操作は元に戻せます。","이 분기와 모든 후속 노드를 삭제하시겠습니까?\n이 작업은 실행 취소할 수 있습니다.","Delete this branch and all of its descendants?\nThis operation can be undone."
"正在生成棋盘缩略图：0 / %d","正在生成棋盘缩略图：0 / %d","碁盤サムネイルを生成中：0 / %d","바둑판 미리 보기 생성 중: 0 / %d","Generating board thumbnails: 0 / %d"
"正在生成棋盘缩略图：%d / %d","正在生成棋盘缩略图：%d / %d","碁盤サムネイルを生成中：%d / %d","바둑판 미리 보기 생성 중: %d / %d","Generating board thumbnails: %d / %d"
"所选局面已经不存在。","所选局面已经不存在。","選択した局面は存在しません。","선택한 국면이 더 이상 존재하지 않습니다.","The selected position no longer exists."
"修改后的预置局面无法重放后续棋局（首个冲突节点 UID：%d）。\n本次修改已放弃。如需修改，请先剪掉与新局面冲突的后续分支。","修改后的预置局面无法重放后续棋局（首个冲突节点 UID：%d）。\n本次修改已放弃。如需修改，请先剪掉与新局面冲突的后续分支。","変更後の初期配置では後続棋譜を再生できません（最初の競合ノード UID：%d）。\n変更は破棄されました。変更するには、新しい局面と競合する後続分岐を先に削除してください。","수정한 배치 국면에서 후속 기보를 재생할 수 없습니다(첫 충돌 노드 UID: %d).\n수정을 취소했습니다. 변경하려면 새 국면과 충돌하는 후속 분기를 먼저 잘라내세요.","The edited setup position cannot replay the following game (first conflicting node UID: %d).\nThe edit was discarded. To make this change, first cut the descendant branches that conflict with the new position."
"分支相对编号","分支相对编号","分岐相対番号","분기 상대 번호","Branch-relative numbering"
"分支绝对编号","分支绝对编号","分岐絶対番号","분기 절대 번호","Branch-absolute numbering"
"全局绝对编号","全局绝对编号","全局絶対番号","전체 절대 번호","Global absolute numbering"
"无编号","无编号","番号なし","번호 없음","No numbering"
"放弃并继续","放弃并继续","破棄して続行","버리고 계속","Discard and continue"
"关闭最后一层笔记","关闭最后一层笔记","最後のノート層を閉じる","마지막 노트 계층 닫기","Close the last note layer"
"增加一层笔记","增加一层笔记","ノート層を追加","노트 계층 추가","Add a note layer"
"输入当前局面的笔记……","输入当前局面的笔记……","現在局面のノートを入力…","현재 국면의 노트를 입력하세요…","Enter notes for the current position…"
"点击 + 新建笔记","点击 + 新建笔记","+ をクリックしてノートを作成","+를 클릭하여 노트 만들기","Click + to create a note"
"在SGF中，0号笔记进入落子节点，后续笔记依次进入独立节点。","在SGF中，0号笔记进入落子节点，后续笔记依次进入独立节点。","SGF では、ノート 0 は着手ノードに入り、後続のノートは順に独立ノードへ入ります。","SGF에서 0번 노트는 착수 노드에 들어가며 이후 노트는 차례로 독립 노드에 들어갑니다.","In SGF, note 0 is stored on the move node; later notes are stored in separate nodes in order."
"笔记对应的局面已经改变，无法保存本次编辑。","笔记对应的局面已经改变，无法保存本次编辑。","ノートに対応する局面が変更されたため、編集内容を保存できません。","노트에 해당하는 국면이 변경되어 편집 내용을 저장할 수 없습니다.","The note's position has changed, so these edits cannot be saved."
"局面已改变，请重新开始分析","局面已改变，请重新开始分析","局面が変更されました。解析を再開してください","국면이 변경되었습니다. 분석을 다시 시작하세요","The position changed; restart analysis"
"已暂停界面刷新，KataGo仍在分析","已暂停界面刷新，KataGo仍在分析","画面更新を一時停止しました。KataGo は解析を続けています","화면 갱신을 일시 정지했습니다. KataGo는 계속 분석 중입니다","Display updates paused; KataGo is still analyzing"
"正在停止分析…","正在停止分析…","解析を停止中…","분석 중지 중…","Stopping analysis…"
"持续分析已关闭","持续分析已关闭","継続解析を無効にしました","지속 분석을 끄었습니다","Continuous analysis disabled"
"当前局面不在播放路径中。","当前局面不在播放路径中。","現在の局面は再生経路上にありません。","현재 국면이 재생 경로에 없습니다.","The current position is not on the playback path."
"无法构造当前局面的KataGo请求。","无法构造当前局面的KataGo请求。","現在局面の KataGo リクエストを作成できません。","현재 국면의 KataGo 요청을 만들 수 없습니다.","Could not build a KataGo request for the current position."
"正在分析当前局面…","正在分析当前局面…","現在局面を解析中…","현재 국면 분석 중…","Analyzing current position…"
"正在加大计算量：%d maxplayouts…","正在加大计算量：%d maxplayouts…","解析量を増加中：%d maxplayouts…","연산량 증가 중: %d maxplayouts…","Increasing analysis effort: %d maxplayouts…"
"无法构造整局分析请求。","无法构造整局分析请求。","全局解析リクエストを作成できません。","전체 대국 분석 요청을 만들 수 없습니다.","Could not build the full-game analysis request."
"播放路径没有可分析的局面。","播放路径没有可分析的局面。","再生経路に解析可能な局面がありません。","재생 경로에 분석할 수 있는 국면이 없습니다.","The playback path has no positions to analyze."
"取消整局分析","取消整局分析","全局解析をキャンセル","전체 대국 분석 취소","Cancel full-game analysis"
"正在分析整条播放路径：0/%d","正在分析整条播放路径：0/%d","再生経路全体を解析中：0/%d","전체 재생 경로 분석 중: 0/%d","Analyzing full playback path: 0/%d"
"分析已停止","分析已停止","解析を停止しました","분석이 중지되었습니다","Analysis stopped"
"分析已完成，点击播放按钮显示最终结果","分析已完成，点击播放按钮显示最终结果","解析が完了しました。再生ボタンで最終結果を表示できます","분석이 완료되었습니다. 재생 버튼을 눌러 최종 결과를 표시하세요","Analysis complete; click Play to display the final result"
"分析中","分析中","解析中","분석 중","Analyzing"
"分析完成","分析完成","解析完了","분석 완료","Complete"
"%s · %d visits · 目标 %d maxplayouts","%s · %d visits · 目标 %d maxplayouts","%s・%d visits・目標 %d maxplayouts","%s · %d visits · 목표 %d maxplayouts","%s · %d visits · target %d maxplayouts"
"正在分析整条播放路径：%d/%d","正在分析整条播放路径：%d/%d","再生経路全体を解析中：%d/%d","전체 재생 경로 분석 중: %d/%d","Analyzing full playback path: %d/%d"
"整局分析完成","整局分析完成","全局解析が完了しました","전체 대국 분석 완료","Full-game analysis complete"
"进入候选变化图","进入候选变化图","候補変化図を表示","후보 변화도 들어가기","Enter candidate variation"
"整局分析已取消","整局分析已取消","全局解析をキャンセルしました","전체 대국 분석이 취소되었습니다","Full-game analysis canceled"
"KataGo警告：%s","KataGo警告：%s","KataGo 警告：%s","KataGo 경고: %s","KataGo warning: %s"
"分析显示设置已更新","分析显示设置已更新","解析表示設定を更新しました","분석 표시 설정이 업데이트되었습니다","Analysis display settings updated"
"分析设置已更新","分析设置已更新","解析設定を更新しました","분석 설정이 업데이트되었습니다","Analysis settings updated"
"KataGo引擎设置已更新","KataGo引擎设置已更新","KataGo エンジン設定を更新しました","KataGo 엔진 설정이 업데이트되었습니다","KataGo engine settings updated"
"KataGo分析传输层尚未初始化。","KataGo分析传输层尚未初始化。","KataGo 解析トランスポートはまだ初期化されていません。","KataGo 분석 전송 계층이 초기화되지 않았습니다.","The KataGo analysis transport is not initialized."
"无法向KataGo发送分析请求。","无法向KataGo发送分析请求。","KataGo に解析リクエストを送信できません。","KataGo에 분석 요청을 보낼 수 없습니다.","Could not send the analysis request to KataGo."
"KataGo返回了无法解析的数据。","KataGo返回了无法解析的数据。","KataGo から解析できないデータが返されました。","KataGo가 해석할 수 없는 데이터를 반환했습니다.","KataGo returned data that could not be parsed."
"KataGo分析失败。","KataGo分析失败。","KataGo 解析に失敗しました。","KataGo 분석에 실패했습니다.","KataGo analysis failed."
"KataGo分析警告。","KataGo分析警告。","KataGo 解析警告。","KataGo 분석 경고.","KataGo analysis warning."
"移动端暂不支持本地KataGo引擎。","移动端暂不支持本地KataGo引擎。","モバイル版ではローカル KataGo エンジンをまだサポートしていません。","모바일에서는 아직 로컬 KataGo 엔진을 지원하지 않습니다.","The local KataGo engine is not supported on mobile yet."
"KataGo路径或配置文件无效，请先打开设置检查。","KataGo路径或配置文件无效，请先打开设置检查。","KataGo のパスまたは設定ファイルが無効です。設定を確認してください。","KataGo 경로 또는 설정 파일이 올바르지 않습니다. 설정을 확인하세요.","A KataGo path or configuration file is invalid; check Settings first."
"无法启动KataGo分析进程。","无法启动KataGo分析进程。","KataGo 解析プロセスを起動できません。","KataGo 분석 프로세스를 시작할 수 없습니다.","Could not start the KataGo analysis process."
"KataGo分析进程异常退出：%s","KataGo分析进程异常退出：%s","KataGo 解析プロセスが異常終了しました：%s","KataGo 분석 프로세스가 비정상 종료되었습니다: %s","The KataGo analysis process exited unexpectedly: %s"
"KataGo分析进程已意外退出，请查看详细日志。","KataGo分析进程已意外退出，请查看详细日志。","KataGo 解析プロセスが予期せず終了しました。詳細ログを確認してください。","KataGo 분석 프로세스가 예기치 않게 종료되었습니다. 상세 로그를 확인하세요.","The KataGo analysis process exited unexpectedly; see the detailed log."
"程序设置（Ctrl+O）","程序设置（Ctrl+O）","アプリ設定（Ctrl+O）","프로그램 설정(Ctrl+O)","Application settings (Ctrl+O)"
"DIALOG_KEEP_MAIN_LINE_MESSAGE","将删除第一分支路径以外的全部分支，只保留从棋局起点开始、逐层选择第一分支直到叶节点的主干。\n\n是否继续？此操作可通过一次撤销完整恢复。","第1分岐の経路以外をすべて削除し、棋譜の開始から各階層の第1分岐を選んで終端まで続く本線のみを残します。\n\n続行しますか？この操作は1回の元に戻す操作で完全に復元できます。","첫 번째 분기 경로 이외의 모든 분기를 삭제하고 기보 시작부터 각 단계의 첫 번째 분기만 선택하여 마지막 노드까지 이어지는 본선만 유지합니다.\n\n계속하시겠습니까? 이 작업은 한 번의 실행 취소로 완전히 복원할 수 있습니다.","All branches outside the first-child path will be deleted, keeping only the main line formed by choosing the first branch at each node from the game root to a leaf.\n\nContinue? This operation can be fully restored with a single Undo."
"DIALOG_CLEAR_NOTES_MESSAGE","将清除当前棋谱所有局面的标题、评论、棋子编号方式和棋盘标记。\n\n是否继续？此操作可通过一次撤销完整恢复。","現在の棋譜にあるすべての局面のタイトル、コメント、碁石番号方式、碁盤マークを消去します。\n\n続行しますか？この操作は1回の元に戻す操作で完全に復元できます。","현재 기보의 모든 국면에서 제목, 설명, 바둑돌 번호 방식과 바둑판 마크를 지웁니다.\n\n계속하시겠습니까? 이 작업은 한 번의 실행 취소로 완전히 복원할 수 있습니다.","This clears titles, comments, stone-numbering modes, and board marks from every position in the current game record.\n\nContinue? This operation can be fully restored with a single Undo."
"DIALOG_CUT_BRANCH_MESSAGE","确定要剪掉所选节点及其全部后续节点吗？\n此操作可以通过 Undo 恢复。","選択したノードとその後続ノードをすべて削除しますか？\nこの操作は Undo で復元できます。","선택한 노드와 모든 후속 노드를 잘라내시겠습니까?\n이 작업은 실행 취소로 복원할 수 있습니다.","Cut the selected node and all of its descendants?\nThis operation can be restored with Undo."
"DIALOG_DELETE_BRANCH_MESSAGE","确定要删除所选局面及其全部后续分支吗？\n此操作可以通过 Undo 恢复。","選択した局面とその後続分岐をすべて削除しますか？\nこの操作は Undo で復元できます。","선택한 국면과 모든 후속 분기를 삭제하시겠습니까?\n이 작업은 실행 취소로 복원할 수 있습니다.","Delete the selected position and all descendant branches?\nThis operation can be restored with Undo."
"DIALOG_BENCHMARK_SAVE_REMINDER","性能检测结果尚未生效。\n请回到设置面板，点击左上角绿色 ✓ 保存设置。","性能テスト結果はまだ反映されていません。\n設定パネルに戻り、左上の緑色の ✓ をクリックして保存してください。","성능 테스트 결과가 아직 적용되지 않았습니다.\n설정 패널로 돌아가 왼쪽 위의 초록색 ✓를 눌러 저장하세요.","The performance test result is not active yet.\nReturn to Settings and click the green ✓ in the upper-left to save it."
"DIALOG_SAVE_TO_PATH","是否将当前棋谱保存到：\n%s","現在の棋譜を次の場所に保存しますか？\n%s","현재 기보를 다음 위치에 저장하시겠습니까?\n%s","Save the current game record to:\n%s"
"DIALOG_PRESET_REPLAY_CONFLICT","修改后的预置局面无法重放后续棋局（首个冲突节点 UID：%d）。\n本次修改已放弃。如需修改，请先剪掉与新局面冲突的后续分支。","変更後の初期配置では後続棋譜を再生できません（最初の競合ノード UID：%d）。\n変更は破棄されました。変更するには、新しい局面と競合する後続分岐を先に削除してください。","수정한 배치 국면에서 후속 기보를 재생할 수 없습니다(첫 충돌 노드 UID: %d).\n수정을 취소했습니다. 변경하려면 새 국면과 충돌하는 후속 분기를 먼저 잘라내세요.","The edited setup position cannot replay the following game (first conflicting node UID: %d).\nThe edit was discarded. To make this change, first cut the descendant branches that conflict with the new position."
"DIALOG_DELETE_ORDER_BRANCH_MESSAGE","确定删除这个分支及其所有后续节点吗？\n此操作可以通过撤销恢复。","この分岐とその後続ノードをすべて削除しますか？\nこの操作は元に戻せます。","이 분기와 모든 후속 노드를 삭제하시겠습니까?\n이 작업은 실행 취소할 수 있습니다.","Delete this branch and all of its descendants?\nThis operation can be undone."
"DIALOG_BENCHMARK_CONFIRMATION_MESSAGE","自动性能检测会占用较多计算资源。TensorRT等后端首次初始化可能耗时较长，检测将持续到完成或由你主动停止。\n检测完成后将生成当前设备专用的KataGo分析配置。","自動性能テストは多くの計算資源を使用します。TensorRT などのバックエンドは初回初期化に時間がかかる場合があります。テストは完了するか手動で停止するまで続きます。\n完了後、このデバイス専用の KataGo 解析設定を生成します。","자동 성능 테스트는 많은 연산 자원을 사용합니다. TensorRT 등의 백엔드는 처음 초기화할 때 시간이 오래 걸릴 수 있습니다. 테스트는 완료되거나 사용자가 중지할 때까지 계속됩니다.\n완료 후 이 장치 전용 KataGo 분석 설정을 생성합니다.","The automatic performance test uses significant computing resources. Backends such as TensorRT may take a long time to initialize the first time. The test continues until it finishes or you stop it.\nWhen complete, it generates a KataGo analysis configuration for this device."
"手","手","手","수","moves"
"秒","秒","秒","초","sec"
"SGF 棋谱","SGF 棋谱","SGF 棋譜","SGF 기보","SGF game record"
"PowerPoint 演示文稿","PowerPoint 演示文稿","PowerPoint プレゼンテーション","PowerPoint 프레젠테이션","PowerPoint presentation"
"Windows 可执行文件","Windows 可执行文件","Windows 実行ファイル","Windows 실행 파일","Windows executable"
"所有文件","所有文件","すべてのファイル","모든 파일","All files"
"KataGo 神经网络模型","KataGo 神经网络模型","KataGo ニューラルネットワークモデル","KataGo 신경망 모델","KataGo neural-network model"
"KataGo 配置文件","KataGo 配置文件","KataGo 設定ファイル","KataGo 설정 파일","KataGo configuration file"
"关闭设置","关闭设置","設定を閉じる","설정 닫기","Close settings"
"落子防误触","落子防误触","着手確認","착수 확인","Confirm moves before playing"
"落子后先显示半透明棋子，确认后才写入棋谱","落子后先显示半透明棋子，确认后才写入棋谱","着手後は半透明の石を表示し、確認してから棋譜に記録します","착수 후 반투명 돌을 표시하고 확인한 뒤 기보에 기록합니다","Show a translucent stone first and add it to the game record only after confirmation"
"确认落子","确认落子","着手を確定","착수 확인","Confirm move"
"取消待确认落子","取消待确认落子","未確定の着手を取り消す","대기 중인 착수 취소","Cancel pending move"
"内置 KataGo 引擎仅供安卓版使用。","内置 KataGo 引擎仅供安卓版使用。","内蔵 KataGo エンジンは Android 版専用です。","내장 KataGo 엔진은 Android 버전 전용입니다.","The embedded KataGo engine is available on Android only."
"安卓版未包含内置 KataGo 引擎扩展。","安卓版未包含内置 KataGo 引擎扩展。","Android 版に内蔵 KataGo エンジン拡張が含まれていません。","Android 버전에 내장 KataGo 엔진 확장이 포함되어 있지 않습니다.","The Android build does not contain the embedded KataGo extension."
"无法创建内置 KataGo 引擎。","无法创建内置 KataGo 引擎。","内蔵 KataGo エンジンを作成できません。","내장 KataGo 엔진을 만들 수 없습니다.","Unable to create the embedded KataGo engine."
"无法创建内置 KataGo 数据目录：%s","无法创建内置 KataGo 数据目录：%s","内蔵 KataGo のデータフォルダーを作成できません：%s","내장 KataGo 데이터 폴더를 만들 수 없습니다: %s","Unable to create the embedded KataGo data directory: %s"
"无法安装内置 KataGo 模型：%s","无法安装内置 KataGo 模型：%s","内蔵 KataGo モデルをインストールできません：%s","내장 KataGo 모델을 설치할 수 없습니다: %s","Unable to install the embedded KataGo model: %s"
"无法创建内置 KataGo 配置：%s","无法创建内置 KataGo 配置：%s","内蔵 KataGo の設定を作成できません：%s","내장 KataGo 설정을 만들 수 없습니다: %s","Unable to create the embedded KataGo configuration: %s"
"内置 KataGo 引擎不可用。","内置 KataGo 引擎不可用。","内蔵 KataGo エンジンを利用できません。","내장 KataGo 엔진을 사용할 수 없습니다.","The embedded KataGo engine is unavailable."
"内置 KataGo 引擎启动失败。","内置 KataGo 引擎启动失败。","内蔵 KataGo エンジンを起動できませんでした。","내장 KataGo 엔진을 시작하지 못했습니다.","The embedded KataGo engine failed to start."
"使用 Android 内置 KataGo 引擎","使用 Android 内置 KataGo 引擎","Android 内蔵 KataGo エンジンを使用","Android 내장 KataGo 엔진 사용","Using the embedded Android KataGo engine"
"正在准备 Android 内置 KataGo 性能检测…","正在准备 Android 内置 KataGo 性能检测…","Android 内蔵 KataGo の性能テストを準備しています…","Android 내장 KataGo 성능 테스트를 준비하는 중…","Preparing the embedded Android KataGo performance test…"
"无法启动内置 KataGo 性能检测。","无法启动内置 KataGo 性能检测。","内蔵 KataGo の性能テストを開始できません。","내장 KataGo 성능 테스트를 시작할 수 없습니다.","Unable to start the embedded KataGo performance test."
"正在测试 %d 个搜索线程…","正在测试 %d 个搜索线程…","%d 個の探索スレッドをテストしています…","검색 스레드 %d개를 테스트하는 중…","Testing %d search threads…"
"无法向内置 KataGo 发送性能检测请求。","无法向内置 KataGo 发送性能检测请求。","内蔵 KataGo に性能テスト要求を送信できません。","내장 KataGo에 성능 테스트 요청을 보낼 수 없습니다.","Unable to send the performance-test request to embedded KataGo."
"性能检测失败。","性能检测失败。","性能テストに失敗しました。","성능 테스트에 실패했습니다.","The performance test failed."
"推荐配置：%d 个搜索线程，批量大小 %d","推荐配置：%d 个搜索线程，批量大小 %d","推奨設定：探索スレッド %d、バッチサイズ %d","권장 설정: 검색 스레드 %d개, 배치 크기 %d","Recommended configuration: %d search threads, batch size %d"
"内置 KataGo 性能检测意外停止。","内置 KataGo 性能检测意外停止。","内蔵 KataGo の性能テストが予期せず停止しました。","내장 KataGo 성능 테스트가 예기치 않게 중지되었습니다.","The embedded KataGo performance test stopped unexpectedly."
"OpenCL KataGo 后端仅供安卓版使用。","OpenCL KataGo 后端仅供安卓版使用。","OpenCL KataGo バックエンドは Android 版専用です。","OpenCL KataGo 백엔드는 Android 버전 전용입니다.","The OpenCL KataGo backend is available on Android only."
"无法连接 Android OpenCL 服务。","无法连接 Android OpenCL 服务。","Android OpenCL サービスに接続できません。","Android OpenCL 서비스에 연결할 수 없습니다.","Unable to connect to the Android OpenCL service."
"Android OpenCL 服务不可用。","Android OpenCL 服务不可用。","Android OpenCL サービスを利用できません。","Android OpenCL 서비스를 사용할 수 없습니다.","The Android OpenCL service is unavailable."
"OpenCL KataGo 启动失败。","OpenCL KataGo 启动失败。","OpenCL KataGo を起動できませんでした。","OpenCL KataGo를 시작하지 못했습니다.","OpenCL KataGo failed to start."
"设备的 OpenCL 后端不可用。","设备的 OpenCL 后端不可用。","この端末では OpenCL バックエンドを利用できません。","이 기기에서는 OpenCL 백엔드를 사용할 수 없습니다.","The OpenCL backend is unavailable on this device."
"%s 已自动切换到兼容性更高的 Eigen 后端。","%s 已自动切换到兼容性更高的 Eigen 后端。","%s 互換性の高い Eigen バックエンドへ自動的に切り替えました。","%s 호환성이 높은 Eigen 백엔드로 자동 전환했습니다.","%s Automatically switched to the more compatible Eigen backend."
"OpenCL 和 Eigen KataGo 后端均无法启动。","OpenCL 和 Eigen KataGo 后端均无法启动。","OpenCL と Eigen のどちらの KataGo バックエンドも起動できません。","OpenCL 및 Eigen KataGo 백엔드를 모두 시작하지 못했습니다.","Neither the OpenCL nor the Eigen KataGo backend could be started."
"OpenCL KataGo 服务已停止。","OpenCL KataGo 服务已停止。","OpenCL KataGo サービスが停止しました。","OpenCL KataGo 서비스가 중지되었습니다.","The OpenCL KataGo service stopped."
"棋谱已自动修复","棋谱已自动修复","棋譜を自動修復しました","기보를 자동으로 복구했습니다","Game record repaired"
"棋谱中存在不符合 SGF 规范的属性名，程序已删除其中的非法字符。","棋谱中存在不符合 SGF 规范的属性名，程序已删除其中的非法字符。","棋譜に SGF 仕様に準拠しないプロパティ名があったため、不正な文字を削除しました。","기보에 SGF 규격에 맞지 않는 속성 이름이 있어 잘못된 문자를 삭제했습니다.","The game record contained property identifiers that do not conform to the SGF specification. Invalid characters were removed."
"部分属性名在删除非法字符后为空，对应属性已被丢弃。","部分属性名在删除非法字符后为空，对应属性已被丢弃。","不正な文字を削除した結果、名前が空になったプロパティは破棄されました。","잘못된 문자를 삭제한 뒤 이름이 비어 버린 속성은 삭제되었습니다.","Some property identifiers became empty after invalid characters were removed, so those properties were discarded."
"部分修复后的属性名与已有属性冲突，对应异常属性已被丢弃。","部分修复后的属性名与已有属性冲突，对应异常属性已被丢弃。","修復後のプロパティ名が既存のプロパティと競合したため、該当する不正なプロパティは破棄されました。","복구된 일부 속성 이름이 기존 속성과 충돌하여 해당 비정상 속성을 삭제했습니다.","Some repaired property identifiers conflicted with existing properties, so the malformed properties were discarded."
"棋谱中的规则名称无法被 KataGo 识别，可能影响分析结果；程序已改用 Chinese 规则。","棋谱中的规则名称无法被 KataGo 识别，可能影响分析结果；程序已改用 Chinese 规则。","棋譜のルール名を KataGo が認識できず、解析結果に影響する可能性があるため、Chinese ルールを使用します。","기보의 규칙 이름을 KataGo가 인식할 수 없어 분석 결과에 영향을 줄 수 있으므로 Chinese 규칙을 사용합니다.","The rules name in the game record is not recognized by KataGo and could affect the analysis. Chinese rules will be used instead."
"棋谱中的贴目必须是 0 到 100 之间、以 0.5 递增的数值，否则可能影响 KataGo 分析；程序已改用 7.5。","棋谱中的贴目必须是 0 到 100 之间、以 0.5 递增的数值，否则可能影响 KataGo 分析；程序已改用 7.5。","コミは 0 から 100 の範囲で 0.5 刻みの値にする必要があります。KataGo の解析に影響する可能性があるため、7.5 を使用します。","덤은 0에서 100 사이의 0.5 단위 값이어야 합니다. KataGo 분석에 영향을 줄 수 있으므로 7.5를 사용합니다.","Komi must be between 0 and 100 in increments of 0.5. Since an invalid value could affect KataGo analysis, 7.5 will be used instead."
"棋谱中的贴目使用了 0.25 或 0.75 小数，可能混用了“子”和“目”单位；KataGo 使用目数，3.75 子应填写为 7.5，程序现已改用 7.5。","棋谱中的贴目使用了 0.25 或 0.75 小数，可能混用了“子”和“目”单位；KataGo 使用目数，3.75 子应填写为 7.5，程序现已改用 7.5。","棋譜のコミに 0.25 または 0.75 の端数があり、「子」と「目」の単位が混在している可能性があります。KataGo は目数を使用するため、3.75 子は 7.5 と入力してください。現在は 7.5 を使用します。","기보의 덤에 0.25 또는 0.75 소수가 있어 집과 점 단위가 혼용되었을 수 있습니다. KataGo는 점 단위를 사용하므로 3.75집은 7.5로 입력해야 합니다. 현재는 7.5를 사용합니다.","The komi contains a .25 or .75 fraction, which may indicate mixed scoring units. KataGo uses points, so 3.75 Chinese stones should be entered as 7.5. The value has been changed to 7.5."
"再次保存后，相关内容将按 Gotepad 的兼容格式写出。","再次保存后，相关内容将按 Gotepad 的兼容格式写出。","次回保存時には、該当する内容が Gotepad の互換形式で書き出されます。","다시 저장하면 해당 내용이 Gotepad 호환 형식으로 기록됩니다.","When the record is saved again, the affected content will be written in Gotepad's compatible format."
"内置","内置","内蔵","내장","Built-in"
"使用内置模型","使用内置模型","内蔵モデルを使用","내장 모델 사용","Use the built-in model"
"使用 Android 内置 KataGo 模型","使用 Android 内置 KataGo 模型","Android 内蔵 KataGo モデルを使用","Android 내장 KataGo 모델 사용","Using the built-in Android KataGo model"
"使用外置模型：%s","使用外置模型：%s","外部モデルを使用：%s","외부 모델 사용: %s","Using external model: %s"
"外置模型已失效，将使用内置模型","外置模型已失效，将使用内置模型","外部モデルが無効なため、内蔵モデルを使用します","외부 모델이 유효하지 않아 내장 모델을 사용합니다","The external model is unavailable; the built-in model will be used"
"正在导入外置模型…","正在导入外置模型…","外部モデルをインポートしています…","외부 모델을 가져오는 중…","Importing external model…"
"正在导入外置模型…%d%%","正在导入外置模型…%d%%","外部モデルをインポートしています…%d%%","외부 모델을 가져오는 중…%d%%","Importing external model…%d%%"
"已导入模型 %s，请点击绿✓保存设置","已导入模型 %s，请点击绿✓保存设置","モデル %s をインポートしました。緑の✓を押して設定を保存してください","모델 %s을(를) 가져왔습니다. 녹색 ✓를 눌러 설정을 저장하세요","Imported model %s. Select the green ✓ to save the setting"
"无法创建外置模型目录：%s","无法创建外置模型目录：%s","外部モデルフォルダーを作成できません：%s","외부 모델 폴더를 만들 수 없습니다: %s","Unable to create the external model directory: %s"
"无法读取所选模型：%s","无法读取所选模型：%s","選択したモデルを読み込めません：%s","선택한 모델을 읽을 수 없습니다: %s","Unable to read the selected model: %s"
"模型文件大小必须在 1 KB 到 1 GB 之间。","模型文件大小必须在 1 KB 到 1 GB 之间。","モデルファイルのサイズは 1 KB 以上 1 GB 以下である必要があります。","모델 파일 크기는 1KB 이상 1GB 이하여야 합니다.","The model file must be between 1 KB and 1 GB."
"存储空间不足，导入模型至少需要模型大小两倍的可用空间。","存储空间不足，导入模型至少需要模型大小两倍的可用空间。","空き容量が不足しています。モデルのインポートにはモデルサイズの2倍以上の空き容量が必要です。","저장 공간이 부족합니다. 모델을 가져오려면 모델 크기의 두 배 이상의 여유 공간이 필요합니다.","Not enough storage space. Importing a model requires at least twice its size in free space."
"无法创建模型临时文件：%s","无法创建模型临时文件：%s","モデルの一時ファイルを作成できません：%s","모델 임시 파일을 만들 수 없습니다: %s","Unable to create the temporary model file: %s"
"复制模型文件失败。","复制模型文件失败。","モデルファイルのコピーに失敗しました。","모델 파일 복사에 실패했습니다.","Failed to copy the model file."
"写入模型文件失败：%s","写入模型文件失败：%s","モデルファイルの書き込みに失敗しました：%s","모델 파일을 쓰지 못했습니다: %s","Failed to write the model file: %s"
"所选文件不是有效的 KataGo 模型。","所选文件不是有效的 KataGo 模型。","選択したファイルは有効な KataGo モデルではありません。","선택한 파일은 유효한 KataGo 모델이 아닙니다.","The selected file is not a valid KataGo model."
"保存外置模型失败：%s","保存外置模型失败：%s","外部モデルの保存に失敗しました：%s","외부 모델을 저장하지 못했습니다: %s","Failed to save the external model: %s"
"无法解压模型文件，请选择标准 KataGo .bin.gz 或 .txt.gz 模型。","无法解压模型文件，请选择标准 KataGo .bin.gz 或 .txt.gz 模型。","モデルファイルを展開できません。標準の KataGo .bin.gz または .txt.gz モデルを選択してください。","모델 파일의 압축을 풀 수 없습니다. 표준 KataGo .bin.gz 또는 .txt.gz 모델을 선택하세요.","Unable to decompress the model. Select a standard KataGo .bin.gz or .txt.gz model."
"模型文件内容不完整。","模型文件内容不完整。","モデルファイルの内容が不完全です。","모델 파일 내용이 불완전합니다.","The model file is incomplete."
"模型文件头无效。","模型文件头无效。","モデルファイルのヘッダーが無効です。","모델 파일 헤더가 유효하지 않습니다.","The model file header is invalid."
"模型版本号无效。","模型版本号无效。","モデルのバージョン番号が無効です。","모델 버전 번호가 유효하지 않습니다.","The model version number is invalid."
"从图片创建","从图片创建","画像から作成","이미지에서 만들기","Create from an image"
"选择本地图片","选择本地图片","ローカル画像を選択","로컬 이미지 선택","Select local image"
"拍照","拍照","写真を撮る","사진 촬영","Take photo"
"相册","相册","フォトライブラリ","사진 보관함","Photo library"
"图片文件","图片文件","画像ファイル","이미지 파일","Image files"
"选择棋盘图片","选择棋盘图片","碁盤画像を選択","바둑판 이미지 선택","Select board image"
"选择","选择","選択","선택","Select"
"从图片创建棋盘","从图片创建棋盘","画像から碁盤を作成","이미지에서 바둑판 만들기","Create board from image"
"图片识别失败","图片识别失败","画像認識に失敗","이미지 인식 실패","Image recognition failed"
"拖动四个黄色控制点，使其分别对准棋盘最外侧的四个交叉点；点击交叉点可在空、黑、白之间修正。","拖动四个黄色控制点，使其分别对准棋盘最外侧的四个交叉点；点击交叉点可在空、黑、白之间修正。","4つの黄色い点を碁盤の最外周の交点に合わせてください。交点をクリックすると、空点・黒・白を切り替えて修正できます。","노란색 조절점 4개를 바둑판 바깥쪽 네 교차점에 맞추세요. 교차점을 클릭하면 빈 점, 흑, 백 순서로 수정할 수 있습니다.","Drag the four yellow handles onto the four outermost grid intersections. Select an intersection to cycle between empty, black, and white."
"按当前四角重新识别","按当前四角重新识别","現在の四隅で再認識","현재 네 모서리로 다시 인식","Recognize using current corners"
"顺时针旋转盘面","顺时针旋转盘面","盤面を時計回りに回転","바둑판을 시계 방향으로 회전","Rotate position clockwise"
"无法读取所选图片。","无法读取所选图片。","選択した画像を読み込めません。","선택한 이미지를 읽을 수 없습니다.","Unable to read the selected image."
"无法打开安卓图片来源。","无法打开安卓图片来源。","Androidの画像入力を開けません。","Android 이미지 입력을 열 수 없습니다.","Unable to open the Android image source."
"当前平台暂不支持棋盘图片识别。","当前平台暂不支持棋盘图片识别。","現在のプラットフォームでは碁盤画像認識を利用できません。","현재 플랫폼에서는 바둑판 이미지 인식을 지원하지 않습니다.","Board image recognition is not available on this platform."
"正在识别棋盘图片…","正在识别棋盘图片…","碁盤画像を認識しています…","바둑판 이미지를 인식하는 중…","Recognizing the board image…"
"棋盘图片识别失败。","棋盘图片识别失败。","碁盤画像の認識に失敗しました。","바둑판 이미지 인식에 실패했습니다.","Board image recognition failed."
"识别结果：黑子 %d，白子 %d，低置信度点 %d","识别结果：黑子 %d，白子 %d，低置信度点 %d","認識結果：黒 %d、白 %d、低信頼度 %d","인식 결과: 흑 %d, 백 %d, 낮은 신뢰도 %d","Recognition: %d black, %d white, %d low-confidence points"
"棋盘四角已调整，请点击“按当前四角重新识别”。","棋盘四角已调整，请点击“按当前四角重新识别”。","四隅を調整しました。「現在の四隅で再認識」を押してください。","바둑판 모서리를 조정했습니다. '현재 네 모서리로 다시 인식'을 누르세요.","The board corners changed. Select Recognize using current corners."
"棋盘图片尚未完成识别。","棋盘图片尚未完成识别。","碁盤画像の認識が完了していません。","바둑판 이미지 인식이 완료되지 않았습니다.","The board image has not been recognized yet."
"无法校验识别盘面。","无法校验识别盘面。","認識した盤面を検証できません。","인식한 바둑판을 검증할 수 없습니다.","Unable to validate the recognized position."
"识别盘面包含无法预置的棋子，请修正红框附近的识别结果后重试。","识别盘面包含无法预置的棋子，请修正红框附近的识别结果后重试。","認識した盤面に配置できない石があります。赤枠付近の認識結果を修正してから再試行してください。","인식한 바둑판에 배치할 수 없는 돌이 있습니다. 빨간 테두리 주변의 인식 결과를 수정한 후 다시 시도하세요.","The recognized position contains stones that cannot be placed. Correct the results near the red outlines and try again."
"无法根据图片创建棋盘。","无法根据图片创建棋盘。","画像から碁盤を作成できません。","이미지에서 바둑판을 만들 수 없습니다.","Unable to create a board from the image."
"识别盘面无法作为预置棋子创建：%s","识别盘面无法作为预置棋子创建：%s","認識した盤面を初期配置として作成できません：%s","인식한 바둑판을 초기 배치로 만들 수 없습니다: %s","Unable to create the recognized setup position: %s"
"图片棋盘","图片棋盘","画像碁盤","이미지 바둑판","Image board"
"终局数目","终局数目","終局の地合計算","종국 계가","Final scoring"
"终局数目目前只支持中国规则。请先收完所有单官，再开始所属判定。","终局数目目前只支持中国规则。请先收完所有单官，再开始所属判定。","終局の地合計算は現在、中国ルールのみに対応しています。すべてのダメを詰めてから所有判定を開始してください。","종국 계가는 현재 중국식 규칙만 지원합니다. 모든 공배를 메운 뒤 소유권 판정을 시작하세요.","Final scoring currently supports Chinese rules only. Fill all dame before starting ownership analysis."
"开始判定","开始判定","判定を開始","판정 시작","Start analysis"
"KataGo所属判定","KataGo所属判定","KataGo 所有判定","KataGo 소유권 판정","KataGo ownership"
"正在请求 KataGo 所属判定…","正在请求 KataGo 所属判定…","KataGo に所有判定を要求しています…","KataGo 소유권 판정을 요청하는 중…","Requesting KataGo ownership analysis…"
"所属判定中 · %d visits","所属判定中 · %d visits","所有判定中 · %d visits","소유권 판정 중 · %d visits","Analyzing ownership · %d visits"
"所属判定完成，可点击棋盘修正错误地域。","所属判定完成，可点击棋盘修正错误地域。","所有判定が完了しました。誤った領域は盤上をクリックして修正できます。","소유권 판정이 완료되었습니다. 잘못된 영역은 바둑판을 눌러 수정할 수 있습니다.","Ownership analysis is complete. Click the board to correct a region."
"接受所属判定并数目","接受所属判定并数目","所有判定を確定して計算","소유권 판정 수락 및 계가","Accept ownership and score"
"退出终局数目模式","退出终局数目模式","終局計算モードを終了","종국 계가 모드 종료","Exit final scoring"
"无法开始终局数目模式。","无法开始终局数目模式。","終局計算モードを開始できません。","종국 계가 모드를 시작할 수 없습니다.","Unable to start final scoring mode."
"无法构造当前局面的KataGo请求。","无法构造当前局面的KataGo请求。","現在の局面から KataGo リクエストを作成できません。","현재 국면의 KataGo 요청을 만들 수 없습니다.","Unable to build a KataGo request for the current position."
"无法向KataGo发送终局数目请求。","无法向KataGo发送终局数目请求。","KataGo に終局計算リクエストを送信できません。","KataGo에 종국 계가 요청을 보낼 수 없습니다.","Unable to send the final-scoring request to KataGo."
"KataGo没有返回有效的所属判定。","KataGo没有返回有效的所属判定。","KataGo から有効な所有判定が返されませんでした。","KataGo가 유효한 소유권 판정을 반환하지 않았습니다.","KataGo did not return valid ownership data."
"无法根据当前所属标记完成数目。","无法根据当前所属标记完成数目。","現在の所有マークから地合を計算できません。","현재 소유권 표식으로 계가할 수 없습니다.","Unable to score from the current ownership marks."
"终局数目失败","终局数目失败","終局計算に失敗","종국 계가 실패","Final scoring failed"
"终局数目结果","终局数目结果","終局計算結果","종국 계가 결과","Final scoring result"
"黑方：%d 子 + %d 空 = %.1f","黑方：%d 子 + %d 空 = %.1f","黒：石 %d + 地 %d = %.1f","흑: 돌 %d + 집 %d = %.1f","Black: %d stones + %d territory = %.1f"
"白方：%d 子 + %d 空 + 贴目 %.1f = %.1f","白方：%d 子 + %d 空 + 贴目 %.1f = %.1f","白：石 %d + 地 %d + コミ %.1f = %.1f","백: 돌 %d + 집 %d + 덤 %.1f = %.1f","White: %d stones + %d territory + %.1f komi = %.1f"
"中立点：%d","中立点：%d","中立点：%d","중립점: %d","Neutral points: %d"
"结果：黑方胜 %.1f 目","结果：黑方胜 %.1f 目","結果：黒の %.1f 目勝ち","결과: 흑 %.1f집 승","Result: Black wins by %.1f points"
"结果：白方胜 %.1f 目","结果：白方胜 %.1f 目","結果：白の %.1f 目勝ち","결과: 백 %.1f집 승","Result: White wins by %.1f points"
"结果：和棋","结果：和棋","結果：持碁","결과: 무승부","Result: Draw"
"KataGo 人类模仿棋","KataGo 人类模仿棋","KataGo 人間模倣対局","KataGo 인간 모방 바둑","KataGo human-like play"
"Human SL 模型","Human SL 模型","Human SL モデル","Human SL 모델","Human SL model"
"请选择 Human SL .bin.gz 模型","请选择 Human SL .bin.gz 模型","Human SL の .bin.gz モデルを選択してください","Human SL .bin.gz 모델을 선택하세요","Select a Human SL .bin.gz model"
"选择 KataGo Human SL 模型","选择 KataGo Human SL 模型","KataGo Human SL モデルを選択","KataGo Human SL 모델 선택","Select KataGo Human SL model"
"KataGo Human SL 模型","KataGo Human SL 模型","KataGo Human SL モデル","KataGo Human SL 모델","KataGo Human SL model"
"测试适合当前设备和 Human SL 模型的搜索线程与批量大小","测试适合当前设备和 Human SL 模型的搜索线程与批量大小","現在のデバイスと Human SL モデルに適した検索スレッド数とバッチサイズをテストします","현재 장치와 Human SL 모델에 적합한 검색 스레드 및 배치 크기를 테스트합니다","Test search threads and batch size for this device and Human SL model"
"尚未配置 Human SL 模型","尚未配置 Human SL 模型","Human SL モデルが未設定です","Human SL 모델이 설정되지 않았습니다","Human SL model is not configured"
"Human SL 模型路径无效","Human SL 模型路径无效","Human SL モデルのパスが無効です","Human SL 모델 경로가 올바르지 않습니다","Invalid Human SL model path"
"Human SL 模型路径已失效，请重新选择","Human SL 模型路径已失效，请重新选择","Human SL モデルのパスが無効になりました。再選択してください","Human SL 모델 경로가 유효하지 않습니다. 다시 선택하세요","The Human SL model path is no longer valid; select it again"
"Human SL 模型配置有效，可以检测","Human SL 模型配置有效，可以检测","Human SL モデル設定は有効です。テストできます","Human SL 모델 설정이 유효하며 테스트할 수 있습니다","Human SL model configuration is valid and ready to test"
"请先完成上方 KataGo 本地分析配置","请先完成上方 KataGo 本地分析配置","先に上の KataGo ローカル解析設定を完了してください","먼저 위의 KataGo 로컬 분석 설정을 완료하세요","Complete the Local KataGo analysis configuration above first"
"请先完整配置上方的 KataGo 本地分析模型。","请先完整配置上方的 KataGo 本地分析模型。","先に上の KataGo ローカル解析モデルを完全に設定してください。","먼저 위의 KataGo 로컬 분석 모델을 완전히 설정하세요.","Configure the Local KataGo analysis model above first."
"KataGo Human SL 模型路径无效。","KataGo Human SL 模型路径无效。","KataGo Human SL モデルのパスが無効です。","KataGo Human SL 모델 경로가 올바르지 않습니다.","The KataGo Human SL model path is invalid."
"KataGo人类模仿棋","KataGo人类模仿棋","KataGo 人間模倣対局","KataGo 인간 모방 대국","KataGo human-like play"
"人类模仿棋","人类模仿棋","人間模倣対局","인간 모방 대국","Human-like play"
"当前由黑方先行","当前由黑方先行","現在は黒番です","현재 흑 차례입니다","Black moves next"
"当前由白方先行","当前由白方先行","現在は白番です","현재 백 차례입니다","White moves next"
"AI执棋","AI执棋","AI の手番","AI 진영","AI side"
"AI执黑","AI执黑","AI が黒","AI 흑","AI plays Black"
"AI执白","AI执白","AI が白","AI 백","AI plays White"
"棋风","棋风","棋風","기풍","Style"
"现代棋风","现代棋风","現代棋風","현대 기풍","Modern style"
"AlphaGo前棋风","AlphaGo前棋风","AlphaGo 以前の棋風","AlphaGo 이전 기풍","Pre-AlphaGo style"
"模仿棋力","模仿棋力","模倣棋力","모방 기력","Imitated rank"
"开始对局","开始对局","対局開始","대국 시작","Start game"
"AI正在思考…","AI正在思考…","AI が思考中…","AI 생각 중…","AI is thinking…"
"等待您落子","等待您落子","あなたの手番です","사용자 차례입니다","Your move"
"AI选择停一手","AI选择停一手","AI がパスを選択","AI가 패스를 선택함","AI chose to pass"
"AI选择了停一手。您是否也停一手？","AI选择了停一手。您是否也停一手？","AI がパスしました。あなたもパスしますか？","AI가 패스했습니다. 사용자도 패스하시겠습니까?","The AI passed. Do you also want to pass?"
"也停一手","也停一手","パスする","패스","Pass"
"继续落子","继续落子","着手を続ける","계속 착수","Continue playing"
"双方已停一手，可进行终局数目或保存棋局。","双方已停一手，可进行终局数目或保存棋局。","双方がパスしました。終局計算または棋譜の保存ができます。","양쪽이 패스했습니다. 계가하거나 기보를 저장할 수 있습니다.","Both sides have passed. You can score or save the game."
"放弃人类模仿棋","放弃人类模仿棋","人間模倣対局を破棄","인간 모방 대국 버리기","Discard human-like game"
"确定放弃当前仿人棋对局记录吗？","确定放弃当前仿人棋对局记录吗？","現在の人間模倣対局の記録を破棄しますか？","현재 인간 모방 대국 기록을 버리시겠습니까?","Discard the current human-like game record?"
"放弃对局","放弃对局","対局を破棄","대국 버리기","Discard game"
"返回对局","返回对局","対局に戻る","대국으로 돌아가기","Return to game"
"无法开始仿人棋模式","无法开始仿人棋模式","人間模倣対局を開始できません","인간 모방 대국을 시작할 수 없음","Unable to start human-like play"
"无法从当前盘面进入人类模仿棋模式。","无法从当前盘面进入人类模仿棋模式。","現在の局面から人間模倣対局を開始できません。","현재 국면에서 인간 모방 대국을 시작할 수 없습니다.","Unable to start human-like play from the current position."
"无法向KataGo发送仿人棋请求。","无法向KataGo发送仿人棋请求。","KataGo に人間模倣リクエストを送信できません。","KataGo에 인간 모방 요청을 보낼 수 없습니다.","Unable to send the human-like play request to KataGo."
"无法取得Human SL落子策略。","无法取得Human SL落子策略。","Human SL の着手方策を取得できません。","Human SL 착수 정책을 가져올 수 없습니다.","Unable to obtain a Human SL move policy."
"AI落子失败。","AI落子失败。","AI の着手に失敗しました。","AI 착수에 실패했습니다.","The AI move failed."
"无法悔棋到上一次人类行棋前。","无法悔棋到上一次人类行棋前。","前回の人間の着手前まで戻せません。","이전 사용자 착수 전으로 무를 수 없습니다.","Unable to return to before the previous human move."
"无法将仿人棋对局保留到主棋谱。","无法将仿人棋对局保留到主棋谱。","人間模倣対局を元の棋譜に保存できません。","인간 모방 대국을 원본 기보에 보존할 수 없습니다.","Unable to keep the human-like game in the main record."
"保留人类模仿棋","保留人类模仿棋","人間模倣対局を保存","인간 모방 대국 보존","Keep human-like game"
"确定结束当前对局，并将本次对局过程记录到主棋谱吗？","确定结束当前对局，并将本次对局过程记录到主棋谱吗？","現在の対局を終了し、この対局の手順を元の棋譜に記録しますか？","현재 대국을 종료하고 이번 대국 과정을 원본 기보에 기록하시겠습니까?","End the current game and record this game sequence in the main record?"
"保留对局并退出","保留对局并退出","対局を保存して終了","대국을 보존하고 종료","Keep game and exit"
"放弃对局并退出","放弃对局并退出","対局を破棄して終了","대국을 버리고 종료","Discard game and exit"
"悔棋两手","悔棋两手","2手戻す","두 수 무르기","Take back two moves"
"AI每手计算量","AI每手计算量","AI 1手あたりの計算量","AI 한 수 계산량","AI visits per move"
"写入仿人棋性能配置失败：%s","写入仿人棋性能配置失败：%s","人間模倣対局の性能設定を書き込めませんでした：%s","인간 모방 바둑 성능 설정을 쓰지 못했습니다: %s","Failed to write the human-like-play performance configuration: %s"
"KataGo 人类模仿棋自动性能检测","KataGo 人类模仿棋自动性能检测","KataGo 人間模倣対局の自動性能テスト","KataGo 인간 모방 바둑 자동 성능 테스트","KataGo human-like-play automatic performance test"
"KataGo人类模仿棋模型或分析配置无效，请先打开设置检查。","KataGo人类模仿棋模型或分析配置无效，请先打开设置检查。","KataGo 人間模倣対局モデルまたは解析設定が無効です。設定を確認してください。","KataGo 인간 모방 바둑 모델 또는 분석 설정이 올바르지 않습니다. 설정을 확인하세요.","The KataGo human-like-play model or analysis configuration is invalid. Check Settings first."
"全选文本","全选","すべて選択","모두 선택","Select all"
"复制文本","复制","コピー","복사","Copy"
"剪切文本","剪切","切り取り","잘라내기","Cut"
"粘贴文本","粘贴","貼り付け","붙여넣기","Paste"
"保存人类模仿棋设置","保存人类模仿棋设置","人間模倣対局の設定を保存","인간 모방 바둑 설정 저장","Save human-like-play settings"
"当前选择的人类模仿棋模型路径尚未保存。是否保存设置并继续性能检测？","当前选择的人类模仿棋模型路径尚未保存。是否保存设置并继续性能检测？","選択中の人間模倣対局モデルのパスはまだ保存されていません。設定を保存して性能テストを続行しますか？","선택한 인간 모방 바둑 모델 경로가 아직 저장되지 않았습니다. 설정을 저장하고 성능 테스트를 계속하시겠습니까?","The selected human-like-play model path has not been saved. Save the settings and continue the performance test?"
"保存并继续","保存并继续","保存して続行","저장하고 계속","Save and continue"
"人类模仿棋模型无效","人类模仿棋模型无效","人間模倣対局モデルが無効です","인간 모방 바둑 모델이 유효하지 않습니다","Invalid human-like-play model"
"请先选择有效的人类模仿棋模型文件。","请先选择有效的人类模仿棋模型文件。","有効な人間模倣対局モデルファイルを先に選択してください。","먼저 유효한 인간 모방 바둑 모델 파일을 선택하세요.","Select a valid human-like-play model file first."
"人类模仿棋模型文件不存在或无法读取，请重新选择有效路径。","人类模仿棋模型文件不存在或无法读取，请重新选择有效路径。","人間模倣対局モデルファイルが存在しないか読み取れません。有効なパスを選び直してください。","인간 모방 바둑 모델 파일이 없거나 읽을 수 없습니다. 유효한 경로를 다시 선택하세요.","The human-like-play model file does not exist or cannot be read. Select a valid path again."
"人类模仿棋模型路径未能保存，请检查设置后重试。","人类模仿棋模型路径未能保存，请检查设置后重试。","人間模倣対局モデルのパスを保存できませんでした。設定を確認して再試行してください。","인간 모방 바둑 모델 경로를 저장하지 못했습니다. 설정을 확인한 후 다시 시도하세요.","The human-like-play model path could not be saved. Check the settings and try again."
"正在准备人类模仿棋端到端性能检测…","正在准备人类模仿棋端到端性能检测…","人間模倣対局をエンドツーエンドで性能測定する準備をしています…","인간 모방 바둑의 종단 간 성능 측정을 준비하는 중…","Preparing the end-to-end human-like-play benchmark…"
"检测会同时运行主分析模型和 Human SL 模型。","检测会同时运行主分析模型和 Human SL 模型。","測定ではメイン解析モデルと Human SL モデルを同時に実行します。","측정 중 기본 분석 모델과 Human SL 모델을 함께 실행합니다.","The benchmark runs the main analysis model and Human SL model together."
"正在测试仿人配置：%d线程，批量%d…","正在测试仿人配置：%d线程，批量%d…","人間模倣設定を測定中：%d スレッド、バッチ %d…","인간 모방 설정 측정 중: %d스레드, 배치 %d…","Testing human-like-play configuration: %d threads, batch %d…"
"推荐仿人配置：%d线程，批量%d，单次选点%.3f秒","推荐仿人配置：%d线程，批量%d，单次选点%.3f秒","推奨人間模倣設定：%d スレッド、バッチ %d、1手 %.3f 秒","권장 인간 모방 설정: %d스레드, 배치 %d, 한 수당 %.3f초","Recommended human-like-play configuration: %d threads, batch %d, %.3f s per move"
"仿人棋计算量","仿人棋计算量","人間模倣対局の計算量","인간 모방 바둑 계산량","Human-play computation"
"本次按 %d visits 检测仿人棋配置。","本次按 %d visits 检测仿人棋配置。","今回は %d visits で人間模倣設定を測定します。","이번에는 %d visits로 인간 모방 설정을 측정합니다.","Testing human-like-play configurations at %d visits."
"复测候选配置：%d线程，批量%d…","复测候选配置：%d线程，批量%d…","候補設定を再測定中：%d スレッド、バッチ %d…","후보 설정 재측정 중: %d스레드, 배치 %d…","Retesting candidate configuration: %d threads, batch %d…"
"将复测最快的候选配置，以降低首次运行和设备温度的影响。","将复测最快的候选配置，以降低首次运行和设备温度的影响。","初回実行と端末温度の影響を抑えるため、最速の候補設定を再測定します。","첫 실행과 기기 온도의 영향을 줄이기 위해 가장 빠른 후보 설정을 다시 측정합니다.","Retesting the fastest candidates to reduce first-run and device-temperature bias."
"配置 %d线程、批量%d 的 OpenCL 服务异常，正在重试（%d/%d）…","配置 %d线程、批量%d 的 OpenCL 服务异常，正在重试（%d/%d）…","%d スレッド、バッチ %d の OpenCL サービスで異常が発生しました。再試行します（%d/%d）…","%d스레드, 배치 %d OpenCL 서비스에 오류가 발생했습니다. 다시 시도합니다(%d/%d)…","The OpenCL service for %d threads and batch %d failed. Retrying (%d/%d)…"
"配置 %d线程、批量%d 连续失败，已跳过并继续检测其他配置。","配置 %d线程、批量%d 连续失败，已跳过并继续检测其他配置。","%d スレッド、バッチ %d は連続して失敗したためスキップし、他の設定を測定します。","%d스레드, 배치 %d가 연속으로 실패하여 건너뛰고 다른 설정을 측정합니다.","The %d-thread, batch-%d configuration failed repeatedly. Skipping it and testing the remaining configurations."
"更新","更新","更新","업데이트","Update"
"正在检测…","正在检测…","更新を確認中…","업데이트 확인 중…","Checking…"
"检查软件更新","检查软件更新","ソフトウェアの更新を確認","소프트웨어 업데이트 확인","Check for software updates"
"当前版本：%s","当前版本：%s","現在のバージョン：%s","현재 버전: %s","Current version: %s"
"最新版本：%s","最新版本：%s","最新バージョン：%s","최신 버전: %s","Latest version: %s"
"网盘","网盘","クラウドドライブ","클라우드 드라이브","Cloud drive"
"更新说明","更新说明","更新内容","업데이트 내용","Release notes"
"无法获取","无法获取","取得できません","가져올 수 없음","Unavailable"
"无法启动更新检测（错误 %d）。","无法启动更新检测（错误 %d）。","更新確認を開始できません（エラー %d）。","업데이트 확인을 시작할 수 없습니다(오류 %d).","Unable to start the update check (error %d)."
"无法连接 GitHub 更新服务（网络结果 %d，HTTP %d）。","无法连接 GitHub 更新服务（网络结果 %d，HTTP %d）。","GitHub 更新サービスに接続できません（ネットワーク結果 %d、HTTP %d）。","GitHub 업데이트 서비스에 연결할 수 없습니다(네트워크 결과 %d, HTTP %d).","Unable to connect to the GitHub update service (network result %d, HTTP %d)."
"GitHub 更新服务返回了无法解析的数据。","GitHub 更新服务返回了无法解析的数据。","GitHub 更新サービスから解析できないデータが返されました。","GitHub 업데이트 서비스에서 해석할 수 없는 데이터를 반환했습니다.","The GitHub update service returned data that could not be parsed."
"当前版本号“%s”无法解析。","当前版本号“%s”无法解析。","現在のバージョン番号「%s」を解析できません。","현재 버전 번호 '%s'을(를) 해석할 수 없습니다.","The current version number '%s' could not be parsed."
"当前已是最新版本。","当前已是最新版本。","現在のバージョンは最新です。","현재 최신 버전입니다.","You already have the latest version."
"版本 %s","版本 %s","バージョン %s","버전 %s","Version %s"
"该版本未提供更新说明。","该版本未提供更新说明。","このバージョンには更新内容がありません。","이 버전에는 업데이트 내용이 제공되지 않았습니다.","No release notes were provided for this version."
"无法打开更新页面（错误 %d）。","无法打开更新页面（错误 %d）。","更新ページを開けません（エラー %d）。","업데이트 페이지를 열 수 없습니다(오류 %d).","Unable to open the update page (error %d)."
